site,wildtype,AAA,AAC,AAG,AAT,ACA,ACC,ACG,ACT,AGA,AGC,AGG,AGT,ATA,ATC,ATG,ATT,CAA,CAC,CAG,CAT,CCA,CCC,CCG,CCT,CGA,CGC,CGG,CGT,CTA,CTC,CTG,CTT,GAA,GAC,GAG,GAT,GCA,GCC,GCG,GCT,GGA,GGC,GGG,GGT,GTA,GTC,GTG,GTT,TAA,TAC,TAG,TAT,TCA,TCC,TCG,TCT,TGA,TGC,TGG,TGT,TTA,TTC,TTG,TTT
32,GGA,0,0,0,0,1,0,0,0,4,0,0,0,0,0,0,0,0,0,0,0,0,0,2,0,0,0,0,0,0,0,0,0,3,1,0,0,0,0,0,0,24343,0,2,0,0,0,0,0,0,0,0,0,0,0,0,0,2,0,0,0,0,0,0,0
33,AAC,2,24387,1,5,0,0,0,0,0,1,0,0,1,0,1,0,1,0,0,0,0,0,0,0,1,3,1,0,0,0,0,0,1,0,1,0,0,0,0,0,0,0,0,0,1,0,0,0,0,0,0,1,0,0,0,0,0,0,0,0,0,0,0,0
34,TTG,0,0,0,0,0,0,1,0,0,0,0,0,0,0,0,1,0,0,0,0,0,0,0,0,0,0,0,0,0,1,2,0,0,0,0,0,0,0,0,0,0,1,0,0,0,0,0,0,0,0,1,0,0,0,4,0,0,0,0,0,1,1,24362,0
35,TGG,0,0,1,0,0,0,0,0,0,0,0,0,0,0,0,0,0,0,0,0,0,0,0,0,0,0,1,0,0,0,0,0,0,0,0,0,0,0,0,0,0,0,0,0,0,0,0,0,0,0,4,0,0,0,0,0,27,0,22489,1,0,0,0,0
36,GTT,0,0,0,0,0,0,0,0,0,0,0,0,0,0,0,5,0,0,0,0,0,0,0,0,0,0,0,0,1,0,0,0,0,0,0,0,0,2,0,2,0,0,0,0,2,1,0,23803,0,0,0,0,0,0,0,0,0,0,0,0,0,0,0,0
37,ACT,0,0,0,1,1,2,0,24213,0,0,0,0,0,0,0,6,0,0,0,0,0,0,0,0,0,0,0,0,1,0,0,0,0,0,0,0,0,0,0,2,0,0,0,0,0,0,0,0,0,0,0,0,0,0,0,0,0,0,0,0,0,0,0,0
38,GTC,0,0,0,0,0,0,0,0,0,0,0,0,0,16,0,0,0,0,0,0,0,0,0,0,0,0,0,0,0,0,0,0,0,0,0,0,0,1,0,0,0,0,0,0,2,24366,3,3,0,0,0,0,0,0,0,0,0,0,0,0,0,1,0,0
39,TAC,0,1,0,0,0,0,0,0,0,0,0,0,0,0,0,0,0,2,0,0,0,0,0,0,0,0,0,0,0,0,0,0,0,0,0,0,0,0,0,0,0,0,0,0,0,0,0,0,1,24334,0,9,0,0,0,0,0,1,0,0,0,5,0,2
40,TAT,0,0,0,0,0,0,0,0,0,0,0,0,0,0,0,0,0,0,0,2,0,0,0,0,0,0,0,0,0,0,0,0,0,0,0,0,0,0,0,0,0,0,0,0,0,0,0,0,0,5,0,24407,0,0,0,0,0,0,0,0,0,0,0,0
41,GGG,0,0,0,0,0,0,0,0,0,0,2,0,0,0,0,0,0,0,0,0,0,0,0,0,0,0,0,0,0,0,0,0,0,0,0,0,0,0,0,0,9,0,24395,5,0,0,0,0,0,0,0,0,0,0,0,0,0,0,1,0,0,0,0,0
42,GTG,0,0,0,0,0,0,0,0,0,0,0,0,0,0,9,0,0,0,0,0,0,0,0,0,0,0,0,0,0,0,0,0,0,0,0,0,0,0,0,0,0,0,0,0,33,0,23894,2,0,0,0,0,0,0,0,0,0,0,0,0,0,0,0,0
43,CCT,0,0,0,0,0,0,0,1,0,0,0,0,0,0,0,0,0,0,1,2,1,18,6,23849,0,0,0,0,0,0,0,4,0,0,0,0,0,0,0,1,0,0,0,0,0,0,0,0,0,0,0,0,0,0,0,16,0,0,0,0,0,0,0,0
44,GTG,1,0,0,0,0,0,0,0,0,0,0,0,1,0,3,0,0,0,0,0,0,0,0,0,0,0,0,0,0,0,0,0,0,0,0,0,0,0,2,0,0,0,0,0,7,3,24390,2,0,0,0,0,0,0,0,0,1,1,0,1,0,0,0,0
45,TGG,0,0,0,0,0,0,0,0,0,0,0,0,0,0,0,0,0,0,0,0,0,0,0,0,0,0,1,0,0,0,0,0,0,0,0,0,0,0,0,0,0,0,0,0,0,0,0,0,0,0,6,2,0,0,0,0,5,0,24198,0,0,0,2,0
46,AAG,7,2,24245,5,1,1,5,1,0,0,10,0,0,0,3,0,0,0,1,0,0,0,0,0,0,2,1,0,0,0,0,0,0,0,7,0,0,2,1,0,0,0,1,0,0,0,0,0,0,0,0,1,0,0,0,0,0,0,0,0,0,0,0,0
47,GAC,0,7,0,0,0,2,0,0,0,0,0,0,0,0,0,0,1,0,0,0,0,0,0,0,0,0,0,0,0,0,0,0,0,24067,0,8,0,0,0,0,0,2,0,0,0,0,0,0,0,0,1,0,0,0,0,0,0,0,0,0,0,0,0,0
48,GCA,0,0,0,0,35,0,0,0,0,0,0,1,0,0,0,0,0,1,0,0,0,0,1,0,0,0,0,0,0,0,0,0,0,0,1,0,23477,2,5,2,1,0,0,0,7,0,0,0,0,0,0,0,1,0,0,0,2,0,0,0,0,0,0,1
49,GAG,0,0,4,0,0,0,0,0,0,0,0,1,0,0,3,1,0,0,0,1,0,0,0,0,0,0,0,1,0,1,0,0,8,4,23801,1,0,0,0,1,0,0,3,0,0,0,1,0,0,0,0,0,0,0,0,1,0,0,0,0,0,0,0,0
50,ACC,0,0,0,0,2,24234,1,6,0,0,0,0,0,4,0,0,0,0,0,0,0,1,0,0,0,0,0,0,0,0,0,0,0,0,0,0,0,2,0,0,0,0,0,0,0,2,0,0,0,0,0,0,0,0,0,0,0,0,0,0,0,0,0,0
51,ACT,0,0,0,3,4,4,0,24270,0,0,0,4,0,0,0,5,0,1,0,0,0,0,0,0,0,0,0,0,0,0,0,0,0,0,0,1,0,0,0,0,0,0,0,0,0,0,1,1,0,0,0,0,0,0,1,0,0,0,0,1,1,0,0,1
52,CTA,0,0,0,0,0,0,0,0,0,0,0,0,0,0,0,0,0,0,0,0,1,0,0,0,0,0,0,0,24408,0,0,1,0,0,0,0,0,0,0,0,0,0,0,0,0,0,0,0,0,0,0,0,0,0,0,0,0,0,0,0,2,0,0,0
53,TTC,0,0,0,0,0,0,0,0,0,0,0,0,0,0,0,0,0,1,0,0,0,0,0,0,0,0,0,0,0,2,0,0,0,0,0,0,0,0,0,0,0,0,0,0,0,0,0,1,0,0,0,1,0,1,0,0,0,0,0,0,2,24402,0,7
54,TGT,0,0,0,0,0,0,0,0,0,0,0,0,0,0,0,0,0,0,0,0,0,0,0,0,0,0,0,5,0,0,0,0,0,0,0,0,0,0,0,0,0,0,0,2,1,0,0,0,0,0,0,4,0,0,0,0,0,7,0,24282,0,0,0,1
55,GCA,0,0,0,0,24,0,0,0,0,0,0,0,0,0,0,0,0,0,0,0,0,0,0,0,0,1,0,0,0,0,0,0,0,0,0,0,24235,0,2,2,1,0,1,0,16,0,0,0,0,0,0,0,1,0,0,0,0,0,0,0,0,0,0,0
56,TCA,0,0,0,0,1,0,2,1,0,0,0,0,1,0,0,1,0,0,2,1,1,0,0,0,0,0,0,0,1,0,0,0,0,0,0,0,0,0,0,1,0,0,0,0,1,0,2,0,0,0,0,0,24339,1,13,4,0,0,0,0,2,0,0,0
57,GAT,1,0,0,5,0,0,0,0,0,0,0,0,0,0,0,0,0,0,0,0,0,0,0,0,0,0,0,0,0,0,0,0,2,0,0,24344,0,0,0,0,0,0,0,2,0,0,0,0,0,0,0,14,0,0,0,0,0,0,0,0,0,0,0,0
58,GCT,0,0,0,0,0,0,0,15,0,0,0,0,0,0,0,0,0,0,0,0,0,0,0,0,0,0,0,0,0,0,0,0,0,0,0,0,0,2,0,24361,0,0,0,0,0,0,0,7,0,0,0,0,0,0,0,0,0,0,0,0,0,0,0,0
59,AAA,24326,0,0,0,0,0,0,0,2,0,0,0,0,0,0,0,0,0,0,0,0,0,0,0,0,0,0,0,0,0,0,0,0,0,0,0,0,0,0,0,0,0,0,0,0,0,0,0,1,0,0,0,0,0,0,0,0,0,0,0,13,0,0,0
60,GCA,0,0,0,0,18,0,0,0,0,0,0,0,0,0,0,0,0,0,0,0,0,0,0,0,0,0,0,0,0,0,0,0,0,0,0,0,24369,0,1,1,0,0,0,1,10,0,0,0,0,1,0,0,0,0,0,0,0,0,0,0,0,0,1,0
61,TAT,1,0,0,0,0,0,0,0,0,0,0,0,1,0,0,0,0,0,1,3,0,0,0,0,0,1,0,0,0,0,0,0,0,0,0,1,0,0,0,0,0,0,0,0,0,0,0,0,0,0,0,24372,0,0,0,13,0,0,0,6,0,0,0,0
62,GAT,0,0,0,2,0,0,0,0,0,0,0,0,0,0,0,0,0,0,0,0,0,0,0,0,0,0,0,0,0,0,0,0,0,0,0,24357,0,1,0,0,0,0,0,2,0,0,0,0,0,1,0,1,0,0,0,0,0,1,0,0,0,0,0,0
63,GCA,0,1,1,1,10,0,0,0,1,0,0,0,0,0,0,0,0,1,0,0,2,0,0,1,0,0,0,0,0,0,0,0,0,0,0,0,24286,1,10,0,0,1,0,0,25,0,0,0,0,0,0,0,1,1,2,0,0,0,1,0,0,0,0,0
64,GAA,14,7,0,1,3,2,0,6,0,0,0,0,0,0,1,0,1,0,3,0,0,1,0,1,0,0,2,1,0,1,1,1,24320,0,0,0,6,0,0,1,2,0,1,0,2,1,1,0,1,0,0,0,0,0,0,1,0,0,0,0,0,0,0,0
65,GTG,6,1,0,2,3,0,0,0,1,1,0,0,0,0,5,0,0,0,2,1,0,0,0,0,0,1,2,0,1,0,1,0,0,1,1,0,0,0,0,0,2,0,0,0,24,0,24243,1,0,1,0,1,3,0,2,0,0,0,0,2,0,1,0,0
66,CAT,0,1,0,8,1,2,0,1,0,2,0,0,0,0,0,3,0,1,3,24295,9,1,2,1,0,0,0,0,3,0,1,1,0,0,0,0,5,1,1,4,0,0,0,0,1,0,0,2,0,0,0,15,0,1,0,0,0,0,0,0,3,0,0,0
67,AAT,0,0,0,24404,1,0,0,3,0,0,0,1,0,0,0,0,0,0,0,0,0,0,0,0,0,0,0,0,0,0,0,0,0,1,0,1,0,0,0,0,0,0,0,0,0,0,0,0,0,0,0,0,0,0,0,0,0,0,0,0,0,0,0,0
68,ATC,0,0,0,0,0,1,0,0,0,0,0,0,2,24390,0,4,0,0,0,0,0,0,0,0,0,0,0,0,0,1,0,0,0,0,0,0,0,0,0,0,0,0,0,0,0,0,0,0,0,0,0,0,0,0,0,0,0,0,0,0,0,0,0,0
69,TGG,0,0,0,0,0,0,0,0,0,0,0,0,0,0,0,0,0,0,0,0,0,0,0,0,0,0,2,0,1,2,1,0,0,0,0,0,0,0,0,0,0,0,0,0,0,0,0,0,0,0,1,1,0,0,0,0,0,0,24386,1,1,0,4,0
70,GCT,0,0,0,2,0,0,0,7,2,0,0,0,0,0,1,0,2,0,1,1,0,0,0,0,0,1,0,0,0,0,0,0,0,0,0,3,0,7,1,24042,0,1,5,0,0,0,0,3,0,0,0,0,0,1,1,2,0,0,0,0,1,0,0,0
71,ACA,0,0,0,0,24363,1,2,3,0,0,0,0,6,0,0,0,0,0,0,0,0,0,1,0,0,0,0,0,0,0,0,0,0,0,0,0,0,0,0,0,1,0,0,0,0,0,0,0,0,0,0,0,0,0,0,0,0,0,0,0,0,0,0,0
72,CAT,0,1,0,2,0,0,0,0,0,0,0,0,0,0,0,0,0,0,0,24372,0,0,0,0,0,0,0,0,0,0,0,0,0,0,0,0,0,0,0,0,0,0,0,0,0,0,0,0,0,0,0,4,0,0,0,0,0,0,0,0,0,0,0,0
73,GCC,0,0,0,0,0,10,0,0,0,0,0,0,0,0,0,0,1,0,0,0,0,0,0,0,0,0,0,0,0,1,0,1,0,2,0,0,2,24305,0,3,1,0,1,0,0,7,0,0,0,0,0,0,0,1,0,1,0,0,0,0,2,0,0,0
74,TGT,0,1,0,0,0,0,0,0,0,0,0,2,0,0,0,0,0,0,0,1,0,0,0,0,0,0,0,15,0,0,0,0,0,0,0,0,0,0,0,0,0,0,0,2,1,0,0,0,0,0,0,5,0,0,0,0,0,3,0,24329,0,0,0,1
75,GTA,0,0,0,0,0,1,0,0,0,0,0,0,10,0,0,2,0,0,0,0,0,0,3,0,0,0,0,0,1,0,0,1,1,0,0,0,3,1,0,0,0,0,0,0,24359,0,1,0,0,0,0,0,0,0,0,0,0,0,0,0,0,0,0,0
76,CCT,0,0,0,0,0,0,0,1,0,0,0,0,0,0,0,0,0,0,0,4,3,9,4,24295,0,0,0,0,3,0,2,2,0,0,0,0,0,0,0,2,0,1,2,1,0,0,0,0,0,0,0,0,0,0,0,11,0,0,0,0,0,0,0,1
77,ACA,0,0,0,0,24276,1,16,4,0,0,0,0,21,0,1,6,3,1,0,3,0,0,0,0,0,0,0,0,0,0,0,0,1,0,0,0,1,0,2,2,0,0,0,1,0,1,5,1,0,1,0,1,0,0,0,1,0,0,1,0,0,4,0,0
78,GAC,0,3,1,0,0,2,2,0,1,0,0,0,0,0,0,0,0,1,0,0,0,0,0,0,0,0,0,0,0,0,0,0,2,24314,1,7,0,0,0,1,1,7,0,2,0,0,0,0,0,1,0,0,0,0,1,1,0,0,0,0,0,0,0,0
79,CCC,0,2,0,1,0,2,0,0,0,0,0,0,0,0,0,0,1,6,0,0,3,23032,0,6,0,0,0,0,0,3,0,0,0,0,1,0,0,2,0,0,1,0,0,0,0,0,0,0,0,0,0,0,0,7,0,1,0,0,0,0,1,0,0,0
80,AAC,0,23769,0,11,0,0,0,1,0,3,0,0,0,0,4,1,0,1,1,0,0,0,0,0,0,5,2,1,1,2,0,0,1,5,0,0,0,0,0,0,0,2,1,1,0,0,0,0,0,0,0,0,0,0,2,1,0,1,0,0,1,1,3,0
81,CCA,1,1,0,0,0,0,0,3,0,1,2,2,3,3,1,1,3,3,2,0,23929,0,1,2,0,1,0,0,4,0,3,2,3,0,0,2,1,1,2,0,2,0,0,0,0,0,0,1,0,1,0,1,4,3,1,1,0,0,0,0,0,0,0,3
82,CAA,3,0,1,1,1,3,0,0,0,0,0,0,0,2,0,0,22321,0,0,1,1,3,0,0,8,0,0,1,3,0,1,1,0,0,0,0,0,0,0,1,0,0,0,0,1,0,1,2,1,1,0,1,0,0,0,0,0,0,2,0,3,0,0,2
83,GAA,2,0,0,0,0,0,0,0,0,0,0,0,0,0,0,0,0,0,0,0,0,0,0,0,0,0,0,0,0,0,0,0,22499,0,1,0,0,0,0,0,0,0,0,0,1,0,0,0,0,0,0,0,0,0,1,0,0,0,0,0,0,0,0,0
84,ATA,0,0,0,1,0,0,0,1,0,0,0,0,23955,1,3,0,0,0,0,0,0,0,0,0,1,0,0,0,1,1,0,2,0,0,0,0,1,1,1,0,0,0,0,0,3,1,1,2,0,0,0,0,0,0,0,1,0,0,0,0,1,1,0,0
85,AAT,1,2,1,24362,1,1,0,1,0,0,0,1,1,0,0,0,0,2,0,0,0,0,0,0,0,1,0,0,1,0,0,0,0,0,0,0,0,1,0,1,0,0,0,0,0,0,1,0,0,2,0,0,0,0,0,1,0,0,0,0,0,0,0,3
86,TTG,0,0,0,0,0,0,0,0,0,0,0,0,0,4,2,0,0,0,0,0,0,0,0,0,0,0,0,0,0,0,2,0,0,0,0,0,0,0,0,0,0,0,0,0,0,0,1,0,0,0,0,0,0,0,0,0,0,0,1,0,4,0,24383,2
87,GAA,4,1,0,1,0,0,0,0,0,0,0,0,0,0,0,0,0,0,0,0,1,0,0,0,0,1,0,0,0,2,0,0,22402,0,1,1,0,0,0,1,6,0,0,0,1,1,0,0,1,0,0,0,0,0,0,0,0,0,0,0,0,0,0,0
88,AAT,1,1,0,23779,0,0,0,0,0,0,0,1,0,0,6,1,0,0,0,0,0,0,0,0,0,0,0,0,0,0,0,0,0,0,0,2,1,0,0,0,0,0,1,0,0,0,0,0,0,0,0,0,0,0,0,0,0,0,0,0,0,0,0,0
89,GTG,0,0,0,0,0,0,0,0,0,0,0,0,1,0,1,2,0,0,0,0,0,0,0,0,0,0,0,0,0,0,1,0,0,0,0,0,0,0,0,0,0,0,0,0,4,1,24307,0,1,0,0,0,0,0,0,0,6,0,2,0,0,0,0,0
90,ACA,0,1,0,0,24288,0,1,2,0,0,0,0,5,0,0,0,0,1,6,0,0,0,0,0,0,0,0,0,0,0,0,0,1,0,0,0,8,3,0,0,0,0,0,0,0,0,0,0,0,0,0,0,0,0,0,0,0,0,0,0,1,0,0,0
91,GAA,3,0,5,0,0,2,1,0,0,0,0,0,0,0,1,0,2,0,0,0,0,0,0,0,0,0,0,0,0,0,0,0,23003,1,4,0,0,0,0,0,0,0,0,0,0,0,0,0,1,0,0,0,0,0,0,0,0,0,0,0,0,0,0,0
92,GAG,1,0,5,0,0,0,0,0,0,0,0,1,0,0,0,0,0,0,1,1,1,0,0,0,0,1,0,0,0,1,0,0,12,0,24369,0,0,0,0,1,0,0,0,0,0,0,1,0,0,0,1,0,0,0,0,0,0,0,0,1,0,0,0,0
93,TTT,0,0,0,0,0,1,0,0,0,0,0,0,0,0,0,0,0,0,0,0,0,0,0,0,0,0,0,0,0,0,0,0,0,0,0,0,0,0,0,0,0,0,0,0,0,0,0,0,0,1,0,4,0,0,1,1,0,0,0,0,0,6,0,24379
94,AAC,2,24344,0,9,0,0,0,0,0,16,0,0,0,1,0,0,0,1,0,1,0,0,0,0,0,0,0,0,0,0,0,0,0,2,1,0,0,0,0,0,1,0,0,0,0,0,0,0,0,0,0,1,0,0,0,0,0,0,1,0,0,0,0,0
95,ATG,0,0,0,0,0,0,2,0,0,0,0,0,10,1,24267,0,0,0,0,0,0,0,0,0,0,0,0,0,0,0,0,1,0,0,0,0,0,0,0,1,0,0,1,1,1,0,4,1,0,0,0,0,0,0,0,0,0,0,0,0,0,0,0,0
96,TGG,0,0,0,0,0,0,0,0,0,0,1,0,0,0,0,0,0,0,0,0,0,0,0,0,0,0,2,0,0,0,0,0,0,0,0,0,0,0,0,0,7,0,2,0,0,0,8,0,0,0,1,0,0,0,0,0,3,0,24191,1,0,0,0,0
97,AAA,24343,2,1,0,0,0,0,0,0,0,0,0,0,0,0,0,0,1,1,1,0,0,0,0,0,0,0,1,0,0,0,0,11,0,0,1,0,0,0,0,0,0,0,1,0,0,0,0,0,0,0,0,0,1,0,0,0,0,0,0,0,0,0,0
98,AAT,0,4,0,24364,0,0,0,0,0,0,0,2,0,0,0,3,0,0,0,0,0,0,0,0,0,0,0,0,0,0,0,0,0,0,0,0,0,0,0,0,0,0,0,0,0,0,0,0,0,0,0,0,0,0,0,0,0,0,0,0,0,0,0,0
99,AAC,3,24316,0,6,0,3,0,0,1,6,0,0,0,0,0,0,0,0,0,0,0,0,0,1,0,0,1,0,0,0,1,0,2,6,1,0,0,0,0,0,0,0,0,0,0,0,0,0,0,0,0,0,1,0,0,0,0,0,0,0,0,0,0,0
100,ATG,0,0,0,0,0,0,0,0,0,0,0,1,3,1,24279,0,0,0,0,0,0,0,0,0,0,0,0,0,0,0,0,0,0,0,0,0,0,0,0,0,0,0,0,0,0,0,1,0,0,0,0,0,0,0,0,0,0,0,0,0,0,0,3,0
101,GTA,0,0,0,0,0,0,0,0,0,0,0,0,5,0,0,0,0,0,0,0,0,0,0,0,0,0,0,0,0,0,0,0,0,0,0,0,4,0,0,0,0,0,0,0,24276,0,2,2,0,0,0,0,0,0,0,0,0,0,0,0,0,0,0,0
102,GAA,8,0,0,1,0,0,0,0,0,0,0,0,0,0,0,0,1,0,0,1,0,0,0,0,0,0,0,0,0,0,0,0,24304,0,1,0,0,0,0,0,0,0,0,0,0,0,0,0,0,1,0,0,0,0,0,0,0,0,0,0,1,0,0,0
103,CAG,0,0,0,0,0,0,0,0,0,0,0,0,0,0,1,0,5,0,24366,1,0,0,1,0,0,0,1,0,0,0,0,0,0,0,0,0,0,0,0,0,0,0,0,0,0,0,0,0,0,0,2,0,0,0,0,1,0,0,0,0,0,0,0,0
104,ATG,0,1,0,0,0,0,0,0,0,0,0,0,10,0,24290,0,0,0,0,0,0,0,0,0,0,0,0,0,0,0,0,0,0,0,0,0,0,0,0,0,0,0,0,0,0,0,1,0,0,0,0,0,0,0,0,0,0,0,0,0,1,1,3,0
105,CAT,0,0,0,2,2,0,0,0,0,0,0,0,0,0,0,1,2,0,0,24311,0,0,0,0,0,0,3,3,0,0,0,3,0,0,0,0,0,0,0,0,0,0,0,0,0,0,0,1,0,1,0,18,1,0,0,0,0,0,1,0,1,0,0,0
106,ACA,4,5,0,0,24266,0,7,4,0,0,0,2,15,0,0,0,0,0,0,0,0,0,0,0,0,0,0,0,2,2,0,1,1,4,3,0,3,0,0,0,0,2,0,0,0,1,0,1,0,0,1,0,0,0,1,0,0,1,0,0,2,0,0,0
107,GAT,0,0,0,6,0,0,0,1,0,0,0,0,0,0,0,0,0,0,0,0,0,0,0,0,1,0,0,0,0,0,0,0,0,1,0,24296,0,0,0,1,0,0,0,1,1,0,0,2,0,0,0,0,0,0,0,0,0,0,0,0,0,0,0,0
108,ATA,0,0,0,0,3,0,0,0,0,0,0,0,24343,0,8,1,0,0,0,0,0,0,0,0,0,0,0,0,4,0,1,1,0,0,0,0,0,0,0,0,0,0,0,0,0,1,2,0,0,0,0,0,0,0,0,1,0,0,0,0,1,0,0,3
109,ATC,0,3,0,0,0,0,0,0,0,0,0,0,4,24308,1,7,0,0,0,0,0,0,0,0,0,0,0,0,0,5,0,1,0,0,0,0,0,0,0,0,0,0,0,0,0,0,1,0,0,0,0,0,0,0,0,0,0,0,0,0,0,0,0,0
110,AGC,1,6,0,0,1,1,0,0,1,24299,0,5,0,1,1,0,0,1,0,0,0,0,0,0,1,1,0,0,0,0,0,0,0,0,1,0,0,0,2,0,1,2,1,1,0,0,0,0,0,0,0,0,1,1,0,0,1,1,0,0,0,0,0,0
111,CTA,0,0,0,0,0,0,3,1,0,0,0,1,0,0,0,0,3,0,0,0,6,0,0,0,0,0,0,0,24296,2,0,2,0,0,0,0,2,0,0,0,0,1,0,0,0,0,0,0,0,0,0,0,1,0,0,0,0,0,0,0,2,0,0,0
112,TGG,0,0,0,0,0,0,0,0,0,0,1,0,0,0,0,0,0,0,0,0,0,0,0,0,0,0,2,0,0,0,0,0,0,0,0,0,0,0,0,0,0,0,0,0,0,0,0,1,0,0,1,0,0,0,0,0,1,0,24280,2,0,1,2,0
113,GAC,0,4,0,0,0,0,0,0,0,0,0,0,0,0,1,0,0,0,0,0,0,0,0,0,0,0,0,0,0,0,0,0,3,24274,2,5,0,0,1,0,0,0,0,0,0,0,0,0,0,1,0,0,0,0,0,0,0,0,0,0,0,0,0,0
114,CAA,2,1,0,0,2,0,0,0,0,0,0,0,0,0,0,0,24302,0,12,2,0,0,0,0,3,0,0,0,0,0,0,0,2,0,1,0,0,0,0,0,0,0,0,0,0,0,0,0,1,0,0,0,0,0,0,0,0,0,0,0,0,0,0,0
115,GGC,0,0,0,0,0,0,0,0,0,7,0,0,0,0,0,0,0,0,0,0,0,0,0,0,0,0,0,0,0,0,0,0,0,3,0,0,2,1,0,0,3,24249,2,6,0,1,0,0,0,0,0,0,0,1,1,0,0,4,0,0,0,0,0,0
116,CTA,0,0,0,0,0,0,0,0,0,0,0,0,5,0,0,0,2,0,0,0,11,0,0,0,0,0,0,0,24334,0,7,2,0,0,0,0,0,0,0,0,0,0,0,0,0,0,0,0,1,0,0,0,0,0,0,0,0,0,0,0,4,0,0,0
117,AAG,4,0,24332,3,1,0,1,1,0,0,1,0,0,0,4,0,0,0,0,0,0,0,0,0,0,0,0,0,2,0,1,4,9,0,8,1,1,0,1,2,2,0,0,0,0,0,0,0,0,0,2,0,0,0,0,1,0,0,0,0,2,0,0,0
118,CCA,0,0,0,0,0,0,0,1,0,0,0,2,0,0,1,0,1,2,0,0,24308,2,1,0,0,0,1,0,1,0,0,0,0,0,2,1,1,0,0,0,0,0,0,0,0,0,0,0,0,0,0,0,13,2,1,0,0,0,0,0,0,0,0,0
119,TGT,0,0,0,0,0,0,0,0,0,1,0,0,0,0,2,0,0,1,0,0,0,0,0,0,0,0,0,2,0,0,0,0,0,0,0,0,1,0,0,0,0,1,0,0,0,0,0,0,0,0,0,5,0,0,0,0,0,0,0,24338,0,0,0,1
120,GTA,0,0,0,0,2,0,2,0,0,0,0,0,4,0,0,0,0,0,0,0,0,0,0,0,0,0,0,0,2,0,0,3,0,0,0,0,5,0,0,0,1,0,0,0,24349,2,3,0,0,0,0,0,0,0,0,0,0,0,0,0,1,0,1,0
121,AAG,6,0,24342,3,0,0,1,0,0,0,2,0,0,0,0,0,0,2,0,0,0,0,0,0,0,0,0,0,0,0,0,0,0,0,0,0,0,0,0,0,0,0,0,0,0,0,0,0,0,0,0,0,0,0,0,0,1,0,0,0,0,0,0,0
122,TTA,0,0,0,0,0,0,0,0,0,0,0,0,0,0,0,0,0,0,0,0,0,0,0,0,0,0,0,0,5,0,4,0,0,0,0,0,0,0,0,0,0,0,0,0,0,0,0,0,0,0,0,0,0,0,0,0,0,0,0,0,23889,0,1,0
123,ACC,0,0,0,0,0,23102,1,3,0,0,0,0,0,2,0,0,0,0,0,0,0,0,0,0,0,0,0,0,0,0,0,0,0,0,0,0,0,3,0,0,0,1,0,0,0,0,0,0,0,0,0,0,0,0,0,0,0,0,0,0,0,0,0,0
124,CCT,0,0,0,0,0,0,0,0,0,0,0,0,0,0,0,0,0,0,0,2,0,2,0,23522,0,0,0,0,0,0,0,2,0,0,0,1,0,0,0,0,0,0,0,0,0,0,0,0,0,0,0,0,0,0,0,2,0,0,0,0,0,0,0,0
125,CTC,0,0,0,0,0,0,0,0,0,0,0,0,0,0,0,0,0,1,0,0,0,1,0,0,0,0,0,0,3,24305,0,5,0,0,0,0,0,0,0,0,0,0,0,0,0,0,0,0,0,0,1,0,0,0,0,0,0,0,0,0,0,0,0,0
126,TGT,0,0,0,0,0,0,0,0,0,0,0,2,0,0,0,0,0,0,0,0,0,0,0,0,0,0,0,5,0,0,0,0,0,0,0,0,0,0,0,0,0,0,0,0,0,0,0,0,0,0,0,5,0,0,0,0,0,3,0,23991,0,0,0,2
127,GTT,0,0,0,0,0,0,0,0,0,0,0,0,0,3,0,3,0,0,0,0,0,0,0,0,0,0,0,0,0,0,0,0,0,0,0,0,0,0,0,1,0,0,0,0,0,2,0,24351,0,0,0,0,0,0,0,0,0,0,0,0,0,0,0,0
128,ACT,0,0,0,1,2,5,0,22863,0,0,0,0,1,0,0,3,0,0,0,0,0,0,0,0,0,0,0,0,0,0,0,0,0,0,0,0,0,0,0,14,0,0,0,0,0,0,0,0,0,0,0,0,0,0,0,1,0,0,0,0,0,0,0,0
129,TTA,0,0,0,0,0,0,0,0,0,0,0,0,2,0,0,0,0,0,0,0,0,0,0,0,0,0,0,0,2,2,0,0,0,0,0,0,0,0,0,0,0,0,0,0,0,0,0,0,0,0,0,0,4,0,0,0,0,0,0,0,24212,0,4,1
130,GAT,0,0,0,5,0,0,0,1,0,0,0,0,2,0,0,0,0,0,2,0,0,0,0,0,0,1,0,0,0,0,0,0,1,1,0,24328,0,0,0,0,0,0,0,0,0,0,0,0,0,0,0,0,0,0,0,0,0,0,0,0,0,0,0,0
131,TGC,0,0,0,0,0,0,0,0,0,0,0,0,0,0,0,0,0,0,0,0,0,0,0,0,0,0,0,0,0,0,0,0,0,0,0,0,0,0,0,0,0,1,0,0,0,0,0,0,0,12,0,0,0,1,0,0,0,23901,0,23,0,2,0,0
132,CAT,0,1,1,3,2,0,0,0,0,1,0,0,0,0,0,0,1,2,0,24347,1,0,0,0,0,1,0,3,0,0,0,1,0,0,4,0,1,0,0,0,0,2,0,0,1,0,1,0,0,0,0,1,0,0,0,0,0,0,0,0,0,0,0,0
133,AAT,1,2,2,24298,0,2,1,2,0,0,0,2,0,0,4,2,5,0,0,2,0,3,6,2,0,0,0,0,0,0,0,0,5,0,1,9,1,0,0,1,0,0,0,1,0,0,2,1,0,0,0,1,1,0,0,0,0,0,1,0,0,0,3,0
134,GTC,0,0,0,0,0,0,1,0,0,0,0,0,1,5,0,0,0,0,0,0,0,1,0,1,0,0,0,0,0,0,1,2,0,0,0,0,0,0,0,0,0,0,0,0,1,24276,0,2,0,0,0,0,0,0,0,0,0,0,0,0,0,1,0,0
135,ACC,0,3,0,0,7,23806,0,1,0,1,0,0,0,8,0,0,0,2,0,0,0,1,0,0,0,1,0,0,1,0,0,0,0,1,0,0,2,12,0,0,0,0,0,2,1,0,0,2,0,0,0,0,0,2,2,0,0,0,1,0,0,0,8,0
136,TAT,0,0,0,0,0,0,0,0,0,0,0,0,0,0,0,0,0,0,0,11,0,0,0,0,0,0,0,0,0,0,0,0,0,0,0,0,0,0,0,0,0,0,0,1,0,0,0,0,0,2,0,24363,0,0,0,0,0,0,0,0,0,0,0,0
137,AAT,3,2,3,24344,0,0,0,0,0,0,0,0,0,0,0,0,0,0,0,0,0,0,0,0,0,0,0,0,0,0,0,0,0,0,0,3,0,0,0,0,0,0,0,0,0,0,0,0,0,1,0,0,0,0,1,0,0,0,0,0,0,0,0,0
138,ATC,0,1,0,0,0,3,0,0,0,0,0,0,3,24105,1,2,0,0,0,0,0,0,0,0,0,0,0,0,0,0,0,0,0,0,0,0,0,0,0,0,0,0,0,0,0,0,0,0,0,0,0,0,0,0,0,0,0,0,1,0,0,0,0,0
139,ACC,0,0,0,0,4,23793,0,7,0,0,0,0,0,5,0,0,0,0,0,0,0,0,0,0,0,0,0,0,0,0,0,0,0,0,0,0,0,10,0,0,0,0,0,0,0,0,0,0,0,0,0,0,0,0,0,0,0,0,0,0,0,0,0,0
140,AGT,0,0,0,7,0,0,0,0,0,2,1,24365,0,0,0,0,2,0,0,0,0,0,0,0,0,0,0,0,0,0,0,0,0,0,2,0,0,0,0,0,0,0,0,0,0,0,0,0,0,0,0,0,0,0,0,0,0,0,0,0,0,0,0,0
141,GAC,6,27,1,0,1,0,0,0,0,0,2,0,3,0,6,0,2,3,0,0,2,8,1,0,0,2,0,0,0,0,0,1,7,91883,0,28,0,1,0,1,0,7,3,1,2,2,0,0,0,7,0,2,0,10,0,2,0,0,0,0,1,0,0,0
142,ATG,0,0,2,0,0,0,11,1,0,0,0,0,12,0,91866,5,1,0,2,3,0,0,0,0,0,0,0,0,0,2,0,0,0,1,0,0,2,0,0,0,0,0,0,0,0,0,20,0,0,0,0,1,1,0,3,0,0,0,2,0,1,0,0,1
151,AAG,34,4,91732,18,0,2,9,0,0,4,26,3,2,0,5,0,2,2,0,0,2,0,0,0,1,0,0,1,1,0,1,0,0,0,11,0,0,0,0,1,0,2,0,0,1,0,0,0,0,0,2,4,1,1,0,0,0,0,0,0,0,1,2,3
152,GAA,24,4,0,3,3,1,1,0,0,0,2,0,0,0,0,0,2,5,0,0,0,7,4,1,3,0,0,0,1,3,0,0,91801,3,22,11,0,0,0,0,19,2,1,0,0,0,1,0,8,3,0,0,0,1,2,0,0,0,0,0,0,1,0,0
153,GAA,20,0,0,0,0,0,0,1,0,0,0,0,0,1,0,0,0,0,1,0,0,0,0,0,5,0,0,0,0,0,0,0,91896,0,7,0,10,0,0,0,2,0,0,0,3,0,0,0,1,0,0,0,0,0,0,0,0,0,0,0,0,0,0,1
154,ATA,2,0,0,0,3,0,0,0,0,0,0,0,85561,0,12,0,0,0,0,0,0,1,0,0,0,0,0,0,41,0,0,0,0,0,0,0,0,0,0,0,0,0,0,0,4,0,0,0,0,0,0,2,0,0,0,2,0,0,0,0,0,0,2,0
155,ACA,8,0,0,0,92014,2,14,4,1,0,1,0,20,3,2,1,0,0,2,0,0,1,0,0,0,0,0,0,1,1,0,0,0,0,0,1,5,0,0,0,0,0,0,0,0,0,0,1,0,0,0,5,0,0,0,0,0,2,0,0,0,0,2,0
156,AAC,3,91513,1,22,0,0,0,2,0,2,0,0,0,2,0,0,0,0,0,0,0,0,0,0,0,0,0,0,0,0,0,0,0,2,0,0,0,0,0,0,0,0,0,0,0,0,0,0,0,0,0,0,0,0,0,0,0,0,0,0,0,0,0,0
157,TGC,0,0,0,0,0,0,0,0,0,0,0,0,0,0,0,0,0,0,0,0,0,0,0,1,0,3,0,0,0,0,0,0,0,0,0,0,0,1,0,0,0,1,0,0,0,0,0,0,0,37,0,0,0,0,0,0,7,91929,0,25,0,7,0,0
158,TCT,0,0,0,0,0,6,2,3,0,0,0,0,0,0,0,0,0,0,0,0,0,0,0,4,0,0,0,0,0,0,0,0,0,0,0,0,0,0,0,0,0,0,0,0,0,0,0,1,0,0,2,3,3,10,1,92012,0,0,0,0,0,0,0,7
159,TAC,0,0,0,0,0,0,0,0,0,0,0,0,0,0,0,0,0,10,0,0,0,0,0,0,0,0,0,0,0,0,0,0,0,0,0,0,0,0,0,0,0,0,0,0,0,0,1,0,5,91936,0,22,1,0,0,0,0,4,0,0,0,0,0,0
160,AAT,3,5,1,91955,0,2,3,3,1,2,0,10,0,0,0,3,0,0,0,0,0,0,0,0,0,3,0,0,5,1,1,0,6,0,0,9,2,0,0,0,0,0,0,0,0,0,0,1,0,0,0,2,1,0,1,0,0,0,0,0,0,0,0,0
161,GTG,0,0,0,0,0,0,0,0,0,0,0,0,0,0,16,0,0,0,0,0,0,0,0,0,0,0,0,0,0,0,0,0,0,0,0,0,0,0,4,0,0,0,0,0,36,5,91991,1,0,0,0,0,0,0,1,0,0,0,0,0,0,0,1,0
162,ACC,0,0,0,0,7,91986,2,16,0,0,0,0,0,24,0,0,0,0,0,0,0,0,0,0,0,0,0,0,0,0,0,0,0,0,0,0,2,14,0,0,0,0,0,0,0,0,0,0,0,0,0,1,0,0,0,0,0,0,0,0,0,0,0,0
163,ACA,3,0,0,0,90477,10,58,7,0,1,0,1,21,0,0,0,0,0,0,0,0,5,0,1,0,0,0,0,0,0,0,0,0,0,0,0,6,0,0,0,2,1,3,0,0,0,0,0,0,0,0,0,1,0,0,0,0,0,0,0,0,0,0,0
164,GTA,0,0,0,0,0,0,2,2,0,0,0,0,15,0,0,0,0,0,0,0,0,2,0,0,0,0,0,0,2,0,0,0,1,0,0,0,7,0,0,2,0,0,0,0,91887,0,3,1,0,0,0,0,0,0,0,0,0,0,5,0,4,1,0,1
165,ATA,0,0,0,0,3,0,0,0,0,0,0,0,91809,2,28,0,0,0,0,0,0,0,0,2,0,0,0,0,1,1,0,1,0,1,1,0,0,1,0,0,0,0,0,0,1,3,3,5,0,0,0,0,0,0,0,0,0,0,0,0,1,0,0,0
166,AGG,0,0,18,0,0,1,0,0,29,0,91734,6,2,0,13,0,0,0,0,1,0,0,0,1,2,4,8,2,5,3,0,0,0,0,0,0,0,0,0,0,0,0,35,0,0,8,0,0,1,0,0,0,0,0,0,2,0,0,11,0,1,0,0,0
167,GAT,0,0,0,10,0,0,0,0,0,0,0,0,0,0,0,0,1,0,0,0,0,0,0,0,0,0,0,0,0,0,0,0,2,15,0,90738,0,0,0,0,0,0,0,1,0,0,0,1,0,0,0,2,0,0,1,0,0,0,0,0,0,0,0,0
168,AAG,21,0,91837,1,5,6,6,0,0,0,41,0,4,1,11,0,4,2,0,1,0,0,0,0,2,2,1,1,0,2,0,2,1,0,22,0,0,0,0,0,0,0,0,0,2,1,5,0,0,5,0,0,0,0,0,0,0,0,0,0,0,0,0,2
169,AAA,91878,0,5,0,1,3,0,0,2,0,0,0,1,1,0,0,1,0,0,0,0,11,0,2,2,0,0,1,3,1,0,0,2,0,0,0,0,0,0,0,0,0,0,0,1,0,0,4,0,0,0,3,0,1,0,0,0,0,0,0,0,0,0,0
170,CAG,0,0,0,0,0,1,0,0,0,0,0,0,0,3,0,0,16,0,92002,2,0,0,0,0,0,0,5,0,0,1,0,0,0,0,2,0,0,2,3,0,0,0,0,0,0,0,0,0,0,0,9,0,1,1,0,0,0,0,0,0,1,0,0,0
171,AAA,91989,2,3,0,2,7,1,2,1,2,0,1,1,0,3,0,2,1,0,3,1,0,0,0,1,0,0,0,0,0,1,0,5,0,0,0,0,0,0,1,0,0,3,0,0,1,0,0,1,0,0,0,2,0,0,0,0,0,0,0,0,0,1,0
172,GTA,1,0,0,0,0,0,0,0,0,0,0,0,31,0,1,0,1,0,0,0,0,0,0,0,0,0,0,0,0,0,0,0,3,0,0,0,0,0,0,0,3,0,0,0,91931,2,2,4,0,1,0,0,0,0,0,0,0,0,2,0,3,0,0,0
173,TCC,0,1,0,0,4,6,3,1,0,0,0,0,0,0,0,0,0,0,0,0,0,1,0,0,0,0,0,0,0,0,0,0,0,0,0,0,0,3,0,0,0,0,0,0,0,0,0,0,0,6,0,0,15,91969,0,10,0,0,5,0,0,3,0,2
174,TCA,0,0,0,0,1,0,0,0,0,1,0,1,0,0,0,0,0,0,0,0,18,0,0,0,2,0,0,0,0,0,0,0,0,0,0,0,1,0,0,0,0,0,0,0,0,0,0,0,0,0,0,0,91923,1,1,0,1,0,0,0,6,0,0,0
175,CTT,0,0,0,0,0,0,0,0,0,0,0,0,1,2,1,7,0,0,0,0,0,0,0,172,0,0,0,0,5,4,2,91711,0,0,0,0,0,0,0,1,0,0,0,0,0,0,0,0,0,0,0,0,0,0,0,0,0,0,0,0,0,0,1,18
176,TTT,0,0,0,0,0,0,0,0,0,0,0,0,0,0,0,0,0,0,0,0,0,0,0,0,0,0,0,0,0,0,0,1,0,0,0,0,0,0,0,0,0,0,0,0,0,0,0,2,1,0,0,0,0,0,0,2,0,0,0,0,0,4,2,92077
177,TAT,0,0,0,1,0,0,0,0,0,1,0,0,0,0,0,0,0,0,0,3,0,0,0,0,2,0,0,0,0,0,0,0,0,0,0,0,0,0,0,0,0,0,0,0,0,0,0,0,0,5,0,90590,1,0,0,0,0,0,0,2,1,0,0,3
178,AAA,91960,1,4,2,7,4,0,0,2,0,0,1,0,0,0,0,0,0,0,0,0,0,0,0,0,1,4,0,1,0,0,0,11,0,0,0,0,0,0,0,0,0,0,0,0,0,0,0,0,0,0,0,0,6,0,0,0,0,0,0,0,0,0,0
179,CTT,0,0,0,0,1,0,2,0,0,0,0,0,0,1,0,9,0,0,0,2,0,0,0,4,0,0,0,1,8,8,1,92051,1,0,0,0,0,0,0,0,0,0,0,0,0,0,0,0,0,0,0,0,0,0,0,0,0,0,0,0,0,0,0,7
180,GAT,0,0,0,6,0,0,0,0,0,0,0,0,0,0,0,0,0,0,0,0,0,0,0,0,0,0,0,0,0,0,0,0,0,1,0,92032,0,0,0,0,0,0,0,5,0,0,0,2,0,0,0,5,0,0,0,0,0,0,0,0,0,0,0,0
181,GTA,1,0,0,0,0,0,0,0,0,0,0,0,50,0,0,1,0,0,0,0,2,0,0,0,0,0,0,0,4,8,5,6,1,0,0,0,4,0,0,0,0,0,0,0,91883,1,8,1,0,0,0,0,0,0,0,0,0,0,0,0,10,0,14,0
182,GTA,0,0,0,0,0,0,0,0,0,0,0,0,49,0,0,2,0,1,0,0,0,0,0,0,0,0,0,0,4,0,0,0,1,0,2,0,14,0,0,0,2,0,0,0,91865,1,23,1,0,0,0,0,0,0,0,0,0,0,0,0,3,0,0,0
183,CAA,3,1,0,1,0,0,0,0,0,0,0,2,1,1,0,0,91993,2,6,0,6,1,0,1,7,1,0,2,0,0,0,0,0,0,0,0,0,0,0,0,0,0,0,0,0,0,0,0,9,0,0,0,0,0,0,1,0,0,0,0,0,0,0,2
184,ATT,0,0,0,1,0,0,0,6,0,0,0,0,5,11,3,92034,0,0,0,0,0,0,0,0,0,0,0,0,0,0,0,1,0,0,0,0,0,0,0,0,0,0,0,0,0,0,0,2,0,0,0,0,0,0,0,0,0,0,0,0,0,0,0,4
184a,GGA,0,0,0,2,0,2,0,2,20,0,0,1,0,0,0,0,3,0,0,2,0,1,0,2,1,3,0,3,2,0,0,0,12,0,1,0,0,0,3,0,91577,1,55,11,2,0,0,0,0,0,0,0,0,0,1,0,2,0,0,0,0,0,0,0
184b,GGT,2,1,0,0,4,1,0,0,2,0,3,20,0,0,0,0,0,6,2,4,5,3,0,2,0,0,0,0,2,0,0,1,2,2,3,50,1,0,1,0,3,12,0,85910,0,2,0,3,0,0,0,0,1,0,0,1,0,0,0,4,0,0,0,0
185,AAT,10,8,2,91820,0,3,5,0,2,0,0,6,0,0,0,2,6,1,3,2,1,2,1,8,3,0,0,1,0,0,1,2,0,0,0,4,2,0,0,0,0,1,0,0,1,0,0,0,0,1,0,2,2,0,0,0,0,0,0,0,0,0,0,0
186,AAT,3,1,1,91923,0,0,0,0,3,5,0,4,0,0,0,0,0,1,0,1,6,0,0,3,0,0,6,1,1,0,0,0,0,3,0,6,1,2,2,0,0,1,0,0,0,0,0,1,0,0,0,0,0,0,1,3,0,0,0,0,0,1,4,0
187,AGG,0,1,15,0,0,0,1,0,32,0,91876,3,0,2,17,0,1,0,0,0,3,0,2,1,4,0,4,0,0,0,0,0,0,0,0,0,0,1,1,0,1,0,42,1,0,0,1,1,0,0,0,2,1,0,1,0,0,1,5,0,0,0,2,0
188,ACT,1,3,0,10,0,13,1,91828,0,0,0,3,0,0,0,13,0,0,0,1,0,4,0,0,0,0,0,0,0,1,0,1,0,0,0,0,0,0,0,9,0,1,0,2,0,0,1,0,0,0,0,0,0,0,0,2,0,0,0,0,1,1,1,0
189,AAT,3,4,0,91989,2,0,0,0,0,0,1,5,0,0,0,5,0,2,0,2,3,3,0,0,0,0,0,0,0,0,2,0,1,0,0,6,1,4,0,0,0,0,2,1,0,0,0,0,0,0,0,0,0,0,0,0,0,0,1,0,2,2,2,0
190,AGT,0,5,0,11,1,0,0,0,5,5,2,91918,0,0,2,1,0,4,2,0,0,1,0,0,0,1,1,0,0,0,0,0,0,0,0,0,0,0,0,0,0,0,0,10,0,0,0,0,0,0,4,0,0,5,1,3,0,0,0,1,0,1,0,1
190a,CAG,1,0,5,0,1,4,0,2,1,0,1,0,0,0,0,0,37,4,91906,11,1,1,0,0,0,7,4,2,1,4,4,1,0,0,1,0,3,0,0,1,0,2,1,2,0,0,1,0,0,2,4,1,0,1,0,0,0,0,0,0,1,0,2,1
191,TAT,0,0,0,0,0,0,0,0,0,0,0,2,0,0,0,0,0,0,0,2,0,0,0,0,1,0,0,0,0,0,0,0,0,0,0,0,0,0,0,0,0,0,0,0,0,0,0,0,2,1,0,91570,0,0,0,0,0,0,0,4,0,2,0,3
192,AGA,6,0,0,0,0,0,0,0,91739,0,2,0,5,6,3,0,0,2,0,1,0,0,0,0,1,5,1,9,0,0,0,0,0,0,0,0,0,0,1,0,15,0,0,0,0,0,0,0,0,0,0,0,0,0,0,0,0,0,0,0,1,0,0,0
193,TTA,0,0,0,0,0,1,0,0,0,0,0,0,10,0,0,1,0,0,0,0,0,0,0,0,0,0,0,0,11,2,0,0,0,0,0,0,0,0,0,0,0,0,0,1,4,0,0,0,3,0,0,2,7,0,0,0,0,0,0,3,91962,0,8,1
194,ATA,32,3,2,7,3,0,1,2,11,1,2,5,91893,8,7,4,12,2,4,0,0,0,0,0,7,0,11,8,2,3,0,0,0,0,0,0,0,0,3,0,1,0,0,0,6,0,2,2,0,0,0,0,1,3,1,0,0,0,1,0,1,2,1,0
195,AAC,6,91938,1,22,0,1,0,2,0,1,0,0,2,2,0,0,0,2,0,3,1,0,0,0,0,0,0,0,0,0,0,2,0,3,0,0,0,0,0,1,4,0,8,3,0,0,0,0,0,1,0,0,0,4,0,0,0,0,0,0,0,0,0,0
196,TGT,0,0,0,0,0,0,0,0,0,0,0,3,0,0,0,0,2,0,0,0,0,0,0,0,0,0,0,7,0,0,0,0,0,0,0,0,0,0,0,0,0,0,0,0,0,0,0,0,0,0,0,16,0,0,0,0,4,23,0,91848,0,0,0,1
197,AAC,5,91890,0,29,0,0,0,0,0,25,0,0,0,0,0,0,4,0,0,0,0,0,0,0,0,0,0,0,0,0,0,0,0,24,0,1,0,0,0,0,0,0,0,0,0,0,0,0,0,0,0,0,0,0,0,0,0,0,0,0,0,1,0,0
198,ACC,0,0,0,0,14,91384,3,15,0,0,0,1,0,14,0,0,0,0,0,0,0,0,0,0,0,0,0,0,0,0,0,0,0,0,0,0,0,2,0,0,0,0,1,0,0,0,0,0,0,0,0,0,0,0,0,0,0,0,0,0,0,0,0,0
199,TCA,0,0,0,0,16,8,0,0,0,1,0,0,0,0,0,0,0,1,0,0,22,2,0,0,0,0,0,0,0,0,0,0,0,0,0,0,0,1,0,0,0,0,0,0,0,0,0,0,3,0,0,0,91774,5,39,2,0,0,0,0,7,0,0,0
200,GCC,7,0,0,0,2,57,10,4,3,1,1,0,3,6,4,0,6,3,0,0,0,0,2,0,1,1,0,0,6,6,4,10,17,8,2,0,10,91554,0,6,0,0,0,0,0,174,6,2,1,1,0,0,0,2,0,0,0,0,0,0,6,0,8,0
201,ATT,0,0,0,0,0,0,0,12,0,0,0,1,2,15,0,91905,0,0,0,0,0,0,0,0,0,0,0,0,1,0,0,0,0,0,0,1,0,0,0,0,1,0,0,0,0,0,0,1,0,2,0,0,0,0,0,0,0,0,0,0,0,0,0,0
202,ACA,6,0,0,0,91867,7,4,1,3,0,2,0,16,0,0,0,0,0,0,0,0,0,0,0,0,3,1,1,0,0,0,0,0,0,0,0,8,0,0,0,0,0,0,0,1,0,0,0,0,0,0,0,0,1,0,0,0,0,0,0,0,0,0,0
203,CAG,0,0,3,1,0,0,0,1,0,0,1,0,0,0,0,0,8,0,91714,7,2,0,4,0,0,0,43,0,0,0,3,0,0,0,1,0,0,0,0,0,0,0,0,0,0,0,0,0,0,0,8,0,0,0,0,1,0,0,0,0,0,0,0,0
204,GCT,0,0,0,0,0,0,0,41,0,0,0,0,1,1,0,0,0,0,0,0,0,0,0,0,0,0,0,0,4,3,0,1,0,0,0,2,4,21,1,88754,0,0,0,0,3,0,11,37,0,0,0,0,0,0,0,0,0,0,0,0,2,0,7,3
205,TGT,0,0,0,0,0,0,0,0,0,0,0,0,0,0,0,0,0,0,0,0,0,0,0,0,0,0,0,13,1,0,0,0,0,0,0,0,0,0,0,0,0,0,0,1,0,0,0,0,0,0,0,16,0,0,0,0,0,14,0,88682,0,0,0,4
206,CCA,0,4,0,0,1,1,0,0,0,0,0,0,1,0,0,0,1,0,0,2,91732,16,9,0,0,0,0,0,4,0,0,1,0,4,0,1,2,3,0,0,0,0,0,0,0,1,3,0,0,0,0,2,1,0,0,0,0,0,0,0,0,0,2,0
207,AAG,31,0,91808,10,1,0,3,0,0,0,14,0,0,0,1,1,0,1,2,0,1,3,1,0,0,0,1,0,0,0,0,0,0,0,5,0,1,0,0,0,0,0,0,0,0,0,0,0,0,0,2,0,1,0,0,0,0,0,0,0,0,0,0,1
208,GTA,1,0,0,2,5,0,3,2,0,1,0,0,52,3,1,1,2,0,0,3,0,0,0,0,0,0,0,0,10,21,5,6,0,0,0,0,13,0,0,0,1,0,0,0,91919,2,10,0,0,0,0,1,0,0,1,1,0,0,0,0,15,1,2,0
209,ACC,0,1,0,2,3,92068,0,11,0,4,0,6,0,16,1,0,0,0,0,0,0,0,0,0,0,0,0,0,1,1,0,0,0,0,1,0,0,11,0,0,0,0,0,0,0,0,1,0,0,0,0,0,0,0,1,3,0,0,0,0,0,0,0,0
210,TTT,1,0,0,0,3,0,3,0,0,0,1,0,0,1,3,4,2,0,0,0,0,0,0,0,0,0,0,0,1,0,0,22,0,0,0,0,0,0,0,0,0,0,1,0,0,0,0,3,1,0,0,3,1,2,0,11,0,3,8,0,1,15,2,91618
211,GAG,0,0,12,1,1,1,0,0,0,0,1,0,0,0,0,0,0,5,0,0,1,0,1,0,0,0,0,0,0,0,0,0,35,0,90961,8,0,0,1,0,0,0,21,0,0,0,2,0,0,2,3,0,0,1,2,1,0,0,1,0,4,1,0,0
212,CCA,1,0,1,0,6,0,0,0,0,0,0,0,0,0,0,0,5,0,0,0,90645,1,9,0,0,0,0,0,7,0,0,0,0,0,0,0,0,4,0,2,0,0,1,1,0,1,0,0,1,0,0,0,126,0,0,0,0,0,0,0,0,0,0,0
213,ATT,8,9,10,8,6,15,1,10,8,4,5,1,10,1,7,90204,2,6,6,9,2,2,0,2,0,4,1,3,0,1,0,5,0,0,3,0,0,3,1,2,0,0,3,0,2,2,3,13,0,7,1,5,0,0,4,0,0,0,0,0,1,5,4,3
214,CCC,0,2,0,3,0,2,0,2,0,5,0,0,0,0,0,0,0,2,0,0,9,91416,7,15,0,1,0,0,0,12,0,1,1,0,0,2,0,3,3,2,3,0,0,1,0,0,1,0,0,0,0,0,0,15,1,0,0,0,0,0,0,0,0,0
215,ATA,2,0,0,0,11,1,1,0,1,0,0,0,91424,1,13,4,0,0,0,2,0,0,0,0,0,0,0,0,3,0,1,0,0,0,0,0,0,0,0,0,0,0,0,0,2,1,4,0,0,0,1,0,0,0,0,0,1,0,1,0,0,0,0,5
216,CAT,3,0,2,4,3,0,0,0,2,0,0,0,3,2,8,0,4,9,0,91344,0,0,0,1,1,2,0,1,0,0,0,0,0,0,0,2,0,0,0,0,0,0,0,0,0,0,0,0,0,1,0,15,0,0,0,0,0,0,0,0,0,1,0,2
217,TAT,0,0,0,6,0,0,0,1,0,0,1,0,0,0,1,1,0,0,0,2,0,0,0,0,0,0,0,0,3,0,0,0,2,0,0,0,0,0,0,0,0,0,0,0,0,0,0,1,1,2,0,91593,0,0,0,0,2,0,1,1,0,0,3,4
218,TGT,0,0,0,0,0,0,0,0,0,0,0,0,0,0,0,0,0,0,0,0,0,0,0,0,0,0,0,2,0,0,0,0,0,0,0,0,0,0,0,0,0,0,0,1,0,0,0,0,1,0,0,13,0,0,0,0,0,4,0,85853,0,0,0,0
219,GCC,0,0,0,0,1,54,1,2,0,0,0,0,1,0,0,0,0,0,0,0,0,5,0,0,0,0,0,0,0,0,0,0,0,0,0,0,6,85578,8,11,0,0,0,0,3,75,3,1,0,0,0,0,0,1,0,0,0,1,0,0,0,0,0,0
220,CCA,0,0,0,0,5,0,0,0,0,0,0,0,0,0,0,0,4,0,0,0,91885,9,7,4,0,0,0,0,12,0,0,0,0,0,0,0,0,0,0,0,0,0,0,0,0,0,0,0,0,0,0,0,7,0,0,0,0,0,0,1,0,0,0,0
221,GCT,1,7,0,4,6,0,0,65,0,2,0,0,0,0,0,0,1,0,2,0,6,34,0,7,0,0,0,0,3,1,0,0,0,0,0,4,2,26,11,80389,5,0,2,7,3,0,0,24,2,0,0,0,3,2,0,4,0,1,0,0,0,0,0,2
222,GGT,0,0,0,0,0,0,0,0,0,2,0,19,0,0,2,0,0,4,0,2,0,1,0,0,0,0,1,0,0,0,2,0,0,0,0,13,0,0,0,1,8,5,4,90489,0,0,0,0,0,5,0,3,4,1,0,0,0,0,1,2,0,0,0,0
223,TTT,0,1,1,0,0,0,0,0,0,0,0,0,0,0,0,1,0,0,0,0,0,0,0,0,0,0,0,0,0,0,0,2,0,0,0,0,0,0,0,0,0,0,0,0,0,0,0,2,0,0,0,1,0,0,0,3,0,0,3,0,0,21,1,85524
224,GCG,0,0,0,0,0,0,27,0,0,1,0,0,0,0,0,0,0,0,0,0,0,0,0,0,0,0,0,0,0,2,0,0,0,0,0,0,29,7,87917,6,0,2,2,0,5,0,117,0,0,0,0,0,2,0,7,0,0,0,0,0,0,0,0,0
225,ATT,0,0,0,0,0,0,0,4,0,0,0,0,0,5,0,91701,0,0,0,0,0,0,0,0,0,0,0,0,1,0,4,0,0,0,0,0,0,0,0,0,0,0,0,0,0,0,0,2,0,0,0,0,0,0,0,0,0,0,0,0,0,0,0,2
226,CTA,1,0,0,0,0,0,0,0,0,0,0,0,2,0,0,0,3,0,0,0,5,0,0,0,0,0,0,0,91428,0,34,0,0,0,0,0,0,0,0,0,0,0,0,0,0,0,0,0,0,0,0,0,0,0,0,0,0,0,0,0,6,0,1,0
227,AAG,21,1,91964,3,2,0,2,1,0,0,10,0,0,0,1,0,0,1,3,4,0,0,0,0,1,0,1,1,0,0,0,1,1,0,2,0,0,0,5,0,0,0,0,0,1,1,5,0,0,1,3,0,0,0,0,0,0,0,0,0,0,0,0,0
228,TGT,0,0,0,0,0,0,0,0,1,0,0,4,0,0,0,0,0,0,0,1,0,0,1,0,0,0,0,4,0,0,0,0,0,0,0,0,0,0,0,0,0,0,0,1,0,0,0,0,0,0,0,21,0,0,0,0,4,10,0,90875,0,0,0,3
229,AAG,28,4,91698,5,2,1,19,5,1,0,62,3,1,0,10,0,8,0,0,0,0,0,0,0,2,4,0,5,0,0,0,2,0,0,23,0,1,0,0,0,0,2,0,0,0,0,0,0,0,1,1,1,2,0,1,0,0,0,1,0,1,1,2,0
230,GAT,0,0,0,3,0,0,1,0,0,2,0,1,0,0,0,0,1,3,0,0,0,0,1,0,0,0,0,0,0,0,0,0,2,7,0,91672,0,0,1,2,0,0,0,0,2,0,0,0,0,0,2,2,0,0,0,2,0,0,0,0,0,0,0,0
231,GAG,0,0,14,1,9,2,2,1,0,0,3,6,1,0,1,0,1,2,0,0,2,1,5,4,1,0,0,0,4,3,0,1,23,10,91777,12,2,0,0,0,0,0,34,4,0,4,6,1,0,0,3,0,1,2,2,3,0,0,0,0,0,0,3,0
232,AAG,23,1,91762,8,0,6,6,0,0,3,3,0,1,1,4,2,4,2,6,3,1,3,3,0,2,1,0,1,0,1,0,0,0,7,12,0,1,6,1,0,2,0,1,0,0,1,0,1,0,3,2,1,3,0,5,0,0,0,0,0,0,5,1,0
233,TTC,0,0,0,0,0,0,0,1,0,0,0,0,0,1,0,0,0,6,0,0,0,0,0,0,0,0,0,0,0,4,0,0,0,0,0,0,0,0,0,0,0,0,0,0,0,0,0,0,0,5,0,1,0,1,0,0,0,2,10,0,7,91734,3,24
234,AAT,4,8,3,91434,4,0,2,9,0,1,2,37,11,0,0,6,1,0,3,2,5,3,3,1,4,2,0,0,4,0,0,1,1,2,2,38,4,1,1,0,0,0,1,0,1,0,1,1,0,2,0,5,1,0,1,5,0,2,0,0,2,0,0,0
235,GGA,0,0,0,0,0,0,0,0,18,0,0,0,0,0,0,0,0,0,0,0,0,0,0,0,0,0,0,0,0,0,0,0,20,0,0,0,0,0,0,0,91505,2,4,4,3,0,0,0,0,0,0,2,0,0,0,0,4,0,0,0,0,0,0,2
236,ACA,5,1,3,0,91486,11,74,4,3,2,3,5,21,2,3,0,4,7,1,0,0,0,0,0,0,0,1,0,0,2,1,2,0,0,2,1,9,4,1,0,0,2,0,1,0,0,0,1,0,0,0,0,1,4,1,2,0,0,7,0,0,0,2,3
237,GGG,0,0,0,0,0,1,0,0,0,0,13,0,0,0,0,0,1,0,0,2,0,0,0,0,1,0,0,0,0,0,0,0,1,0,12,0,0,2,0,0,45,1,91534,6,0,0,4,0,0,0,0,0,0,2,0,0,0,0,12,0,0,0,0,0
238,CTA,1,1,4,1,3,4,0,4,1,0,2,4,11,0,0,4,8,0,0,0,16,10,1,2,0,1,1,0,91438,6,3,3,0,0,0,1,3,0,2,2,3,0,0,2,1,0,0,0,0,0,0,0,2,9,0,1,0,0,3,0,25,3,0,0
239,TGT,0,0,0,0,0,0,0,0,1,0,0,2,0,0,0,0,2,0,0,0,0,1,0,0,0,0,0,6,0,0,0,0,0,0,0,0,0,0,0,0,0,0,0,0,0,0,0,0,0,0,0,13,0,0,0,0,0,24,0,90485,0,0,0,1
240,AAA,91880,10,7,4,5,2,2,1,7,1,2,0,4,3,2,2,2,6,2,0,2,8,4,3,0,1,0,0,0,0,4,0,7,0,0,0,1,0,4,0,5,1,2,2,3,1,3,6,1,2,0,0,0,1,5,1,0,2,0,0,1,4,0,3
241,AAT,6,4,1,91726,4,4,0,1,2,0,0,2,2,0,0,10,6,3,2,6,0,1,0,1,1,4,0,0,0,0,1,0,3,0,0,16,0,0,0,5,0,0,1,0,1,0,2,1,0,1,0,0,3,0,2,2,0,0,0,0,0,1,0,0
242,GTC,0,0,0,0,0,0,0,0,0,0,0,0,1,26,4,1,0,0,0,0,0,0,0,0,0,1,0,0,1,0,0,1,0,7,0,0,0,4,0,0,0,1,0,0,6,91509,2,39,0,0,0,1,0,0,0,0,0,1,0,0,4,3,1,0
243,AGC,0,47,0,0,1,8,2,6,1,91461,0,60,0,1,0,0,0,0,0,0,0,0,0,0,0,0,0,0,0,0,0,0,0,0,0,0,0,1,6,2,0,27,0,1,0,0,1,1,0,0,0,0,1,1,0,0,0,5,0,0,0,0,0,0
244,ACA,5,1,0,0,91680,3,41,5,1,0,0,1,18,0,0,0,0,0,0,0,0,0,0,0,0,0,0,0,0,0,0,0,0,0,0,0,7,1,0,0,0,0,0,0,0,0,7,0,0,0,0,2,0,1,0,0,0,1,0,0,0,0,0,1
245,GTA,0,0,0,0,0,1,0,0,0,0,0,0,55,0,1,0,1,0,0,0,0,0,0,0,0,0,0,2,3,1,0,0,0,0,0,0,16,0,0,0,1,0,0,0,91155,1,18,0,0,0,0,0,0,0,0,2,0,0,0,2,4,0,1,0
246,CAA,7,0,1,0,2,0,0,0,0,0,0,0,0,0,0,1,91808,0,19,0,0,2,0,2,5,0,0,0,4,4,0,0,1,0,0,0,3,1,0,0,1,0,0,5,0,4,0,0,17,0,0,1,4,0,0,0,0,0,1,0,0,0,0,2
247,TGC,0,0,0,0,0,0,0,1,0,2,0,0,0,1,0,0,0,0,0,0,0,0,0,1,0,1,0,0,0,0,0,0,0,0,0,0,1,0,0,0,0,0,0,0,0,0,0,0,0,92,0,0,0,3,0,0,2,91121,0,69,0,3,0,0
248,ACA,3,0,0,0,91343,9,19,1,2,2,0,0,28,1,0,0,0,0,0,0,0,0,0,0,0,0,0,0,0,0,0,0,0,1,1,0,5,0,3,0,0,0,0,0,0,0,0,0,0,0,0,0,3,0,1,1,0,0,0,0,0,0,2,0
249,CAT,0,0,0,6,0,0,0,1,0,1,0,0,0,0,0,0,0,22,18,89285,0,2,0,1,0,0,0,3,0,0,0,0,0,0,1,0,0,0,0,0,0,0,0,0,0,0,0,0,0,0,0,10,2,2,0,0,0,0,0,0,0,0,0,0
250,GGA,0,0,0,0,0,0,0,0,15,0,0,0,0,0,0,0,0,0,0,0,0,2,0,1,0,0,0,0,0,0,0,0,10,0,2,0,0,0,2,2,91917,2,10,1,1,0,0,0,0,0,0,0,0,0,0,3,3,0,0,0,0,0,0,0
251,ATC,0,1,0,0,0,2,0,0,0,0,0,0,11,90238,1,10,0,0,0,4,0,0,0,0,0,0,0,0,2,5,0,1,0,0,0,0,0,0,0,0,0,1,1,0,1,5,3,1,0,0,0,0,0,0,0,0,0,0,0,0,0,0,0,0
252,AAG,42,0,90228,6,1,0,1,0,5,1,18,3,0,0,4,0,1,2,3,0,1,1,2,1,0,4,0,1,0,0,0,3,0,1,35,0,0,0,0,0,2,4,2,1,0,0,0,0,0,0,0,0,0,1,1,0,0,0,0,0,1,0,0,0
253,CCA,0,0,0,0,5,0,0,0,0,0,0,0,0,1,0,2,1,0,0,0,91767,4,17,8,0,0,0,0,6,0,1,0,0,0,0,2,0,2,2,4,0,0,0,0,0,3,3,4,0,0,0,0,42,0,0,0,0,0,0,0,0,0,0,0
254,GTA,0,0,0,0,8,5,0,1,0,0,0,0,40,6,2,2,8,1,2,0,0,0,0,0,0,0,0,0,2,2,3,3,2,0,0,0,8,4,0,5,1,0,1,3,91746,3,19,4,0,0,0,0,2,2,0,0,0,0,0,0,18,0,10,0
255,GTA,0,0,2,0,11,8,7,7,0,0,0,1,109,16,1,4,0,2,0,0,17,8,9,3,0,1,0,0,3,2,0,2,0,0,0,0,21,2,13,9,3,0,0,1,91695,5,8,1,0,3,0,13,2,5,0,3,0,1,1,0,3,7,2,8
256,TCA,0,0,0,0,7,4,4,0,0,3,0,1,0,0,0,0,0,0,0,0,1,0,0,0,0,0,0,0,0,0,0,1,0,0,0,0,5,1,0,0,2,0,0,0,0,3,0,0,3,0,0,0,90847,7,17,5,0,0,0,3,3,0,0,0
257,ACT,0,3,0,4,11,11,3,90961,0,0,0,3,0,0,0,6,0,0,0,0,0,0,0,0,0,0,0,0,0,0,0,0,0,0,0,0,0,0,0,2,0,0,0,0,0,0,0,0,0,0,0,0,0,1,0,11,0,0,0,0,0,0,0,0
258,CAA,0,0,0,0,0,0,0,0,0,0,0,0,0,0,0,0,15224,1,0,2,0,0,0,0,0,0,0,0,1,0,0,0,0,0,0,0,0,0,0,0,0,0,0,0,0,0,0,0,4,0,0,0,0,0,0,0,0,0,0,0,0,0,0,0
259,CTG,0,0,0,0,0,0,1,0,0,0,0,0,0,0,0,0,0,0,0,0,0,0,1,0,0,0,0,0,14,0,15011,1,0,0,0,0,0,0,0,0,0,0,0,0,0,0,0,0,0,0,0,0,0,0,0,0,0,0,0,0,1,0,3,0
260,CTG,0,0,0,0,0,0,0,0,0,0,0,0,3,0,1,0,0,0,1,0,0,0,4,0,0,0,0,0,1,0,15213,0,0,0,0,0,0,0,0,0,0,0,0,0,0,0,0,0,0,0,0,0,0,0,0,0,0,0,0,0,1,0,6,0
261,TTA,0,0,0,0,0,0,0,0,0,0,0,0,1,0,0,0,0,0,0,0,0,0,0,0,0,0,0,0,0,0,0,0,0,0,0,0,0,0,0,0,0,0,0,0,1,0,0,0,0,0,0,0,2,0,0,0,0,0,0,0,15211,0,3,1
262,AAT,0,1,0,15213,0,0,0,0,0,0,0,0,0,0,0,0,0,0,0,0,0,0,0,0,0,0,0,0,0,0,0,0,0,0,0,1,0,0,0,0,0,0,0,0,0,0,0,0,0,0,0,0,0,0,0,0,0,0,0,0,0,0,0,0
263,GGC,0,0,0,0,0,0,2,0,0,4,0,0,0,1,0,0,0,0,0,0,0,0,0,0,0,0,0,0,0,0,0,0,0,15,0,0,0,0,0,0,0,14711,0,18,0,1,0,0,0,0,0,0,0,0,1,0,0,2,0,0,0,0,0,0
264,AGT,0,0,0,3,0,1,0,0,1,0,0,13944,0,0,0,1,0,0,0,0,0,0,0,0,1,0,0,17,0,0,0,0,0,0,0,0,0,0,0,0,0,1,0,1,0,0,0,0,0,0,0,0,0,2,0,0,0,0,0,0,0,0,0,0
265,CTA,0,0,0,0,0,0,0,0,0,0,0,0,2,0,0,1,0,0,0,1,2,0,0,0,0,0,0,0,15204,0,4,0,0,0,0,0,0,0,0,1,0,0,0,0,0,0,0,0,0,0,0,0,0,0,0,0,0,0,2,0,5,0,0,0
266,GCA,0,0,0,0,3,1,1,0,0,0,0,0,0,0,0,0,0,0,0,1,0,0,0,0,0,0,0,0,0,0,0,0,0,0,0,0,15184,0,5,0,0,0,0,0,4,0,1,0,0,0,0,0,2,0,0,1,0,0,0,1,0,0,0,0
267,GAA,5,0,0,1,0,2,1,0,0,0,0,0,0,0,0,0,3,0,2,0,0,3,0,0,0,0,0,0,0,0,0,0,14694,0,2,1,1,0,0,1,0,0,0,0,1,0,0,0,2,0,0,0,0,0,0,0,0,0,1,0,2,3,0,0
268,GGA,0,0,0,0,0,0,1,0,2,0,0,0,0,0,0,0,0,0,0,0,1,0,0,0,0,0,0,0,0,0,0,0,1,0,0,0,1,0,0,0,14596,0,2,0,0,0,0,0,0,0,0,0,0,0,0,1,0,0,0,0,0,1,0,0
269,GAG,0,0,3,0,0,0,0,0,0,0,1,0,0,0,0,0,0,0,1,0,0,0,0,0,0,0,0,0,0,0,0,0,6,0,14849,0,0,0,0,0,0,0,4,0,0,0,2,1,0,0,0,0,0,0,0,1,0,0,1,0,0,0,0,2
270,GTA,0,0,0,0,0,0,0,2,0,0,0,0,6,0,0,0,0,0,0,0,0,0,1,0,0,0,0,0,0,0,0,0,0,0,0,0,1,0,0,0,0,0,0,0,15062,0,7,0,0,0,0,0,0,0,0,0,0,0,0,0,0,0,0,0
271,AGA,4,0,0,0,0,0,0,0,15214,0,0,0,1,0,1,0,0,0,0,0,0,0,0,0,0,0,0,0,0,0,0,0,0,0,0,0,0,0,0,0,0,0,0,0,0,0,0,0,0,0,0,0,2,0,0,0,0,0,0,0,0,0,0,0
272,ATT,0,0,0,0,0,0,0,1,0,0,0,0,1,1,0,15223,0,0,0,0,0,0,0,0,0,0,0,0,0,0,0,0,0,0,0,0,0,0,0,0,0,0,0,0,0,1,0,1,0,0,0,0,0,0,0,0,0,0,0,0,0,1,0,0
273,AGA,0,0,0,0,1,0,0,0,15209,0,0,0,4,0,0,0,0,2,0,1,0,0,0,0,1,1,0,0,0,0,0,0,0,0,0,0,0,0,0,0,3,0,0,0,3,0,0,0,0,0,0,0,0,0,0,0,0,0,0,0,2,0,0,1
274,TCT,0,0,0,0,0,2,0,0,0,4,0,0,0,0,0,0,0,0,0,0,0,0,0,1,0,0,0,0,0,0,0,0,0,0,0,0,0,0,0,1,0,1,0,1,0,0,0,0,0,0,0,3,2,13,2,15192,0,1,0,0,0,0,2,3
275,GAA,3,0,0,0,1,0,0,0,0,0,0,0,0,0,0,1,0,0,2,0,0,1,0,0,0,0,0,0,0,0,0,0,15175,1,2,0,1,0,0,0,1,0,0,0,0,0,0,0,1,0,0,0,0,0,0,0,0,0,0,0,0,1,0,1
276,AAT,0,2,0,14018,0,1,0,12,0,0,0,1,0,0,0,1,0,0,0,0,0,0,0,0,0,0,0,0,0,0,0,0,0,0,0,0,0,0,0,0,0,0,0,0,0,0,0,0,0,0,0,0,0,0,0,0,0,0,0,0,0,0,0,0
277,ATC,0,0,0,0,0,3,0,0,0,0,0,0,2,15219,0,3,0,0,0,0,0,1,0,0,0,0,0,0,0,1,0,0,0,0,0,0,0,0,0,0,0,0,0,0,0,0,1,0,0,0,0,0,0,0,0,0,0,0,0,0,0,0,0,0
278,ACA,0,0,0,0,15216,2,1,1,0,0,0,0,5,0,0,0,0,0,0,0,0,0,0,0,0,0,0,0,4,0,1,0,0,0,0,0,3,0,0,0,0,0,0,0,0,0,0,0,0,0,0,0,0,0,0,0,0,0,0,0,0,0,0,0
279,AAC,0,15177,0,2,0,1,0,0,0,0,0,0,0,0,0,0,0,0,1,0,0,0,0,0,0,0,0,0,0,0,0,0,0,0,0,0,0,0,0,0,0,0,0,0,0,0,0,0,0,0,0,0,0,0,0,0,0,1,0,1,0,0,0,0
280,AAT,0,0,0,15092,0,0,0,0,0,0,0,1,1,0,0,0,0,0,0,0,0,0,0,1,0,0,0,0,0,0,0,0,0,0,0,1,0,0,0,0,0,0,0,0,0,0,0,0,0,0,0,0,0,0,0,0,0,0,0,0,0,0,0,0
281,GCC,0,0,0,0,0,14,0,0,0,1,0,1,0,0,0,0,0,1,0,2,0,0,0,0,0,0,2,0,0,0,0,0,0,2,0,0,0,15157,1,2,0,1,0,0,2,10,0,0,0,1,0,0,0,0,0,0,0,0,2,0,0,0,0,2
282,AAA,15046,1,0,0,1,0,0,0,3,0,0,0,0,0,0,0,0,1,0,2,1,0,0,0,0,1,0,1,0,0,0,0,2,0,0,0,0,0,0,0,0,0,1,0,1,0,0,0,0,1,0,2,0,0,0,0,0,0,0,0,3,3,0,0
283,AAC,0,14889,0,6,1,0,1,0,0,1,0,0,1,0,0,0,0,1,0,0,0,0,0,0,0,0,0,0,0,0,0,0,0,0,0,0,0,0,0,0,1,0,0,0,0,0,0,0,0,0,0,0,0,0,1,0,0,0,0,0,0,0,0,0
284,ATA,0,0,0,0,0,0,0,0,0,0,0,0,15141,0,2,0,0,0,0,0,0,0,0,0,0,0,0,0,0,1,1,0,0,0,0,0,0,0,0,0,0,0,0,0,1,0,0,1,0,0,0,0,0,0,0,0,0,0,1,0,0,0,0,0
285,ATA,0,0,0,0,0,0,0,0,0,0,0,0,15220,0,5,0,0,0,0,0,0,0,0,0,0,0,0,0,0,1,1,0,0,0,0,0,0,0,0,0,0,0,0,0,0,0,0,0,0,0,0,0,0,0,0,0,0,0,0,0,0,0,2,0
286,GTA,0,0,0,0,0,0,0,1,0,0,0,0,6,0,0,1,0,0,0,0,0,0,0,0,0,0,0,0,0,0,1,0,1,0,0,0,5,0,0,0,0,0,0,0,15153,0,4,1,0,0,0,0,0,0,0,0,0,0,0,0,2,0,0,0
287,CAA,0,0,0,0,0,1,0,0,0,0,0,0,0,0,0,1,15204,0,2,0,0,0,0,0,0,0,0,0,0,0,0,0,0,0,0,0,0,0,0,0,0,0,0,0,0,0,1,0,3,0,0,0,0,0,0,1,0,0,1,0,0,0,0,0
288,CTT,0,0,0,0,0,0,0,0,0,0,0,0,0,0,0,0,0,0,0,0,0,0,0,0,0,0,0,0,1,2,0,15224,0,0,0,0,0,0,0,0,0,0,0,0,0,0,0,0,0,0,0,0,0,0,0,0,0,0,0,0,0,0,0,4
289,GCC,2,0,0,0,2,7,0,0,0,1,1,0,0,0,0,0,0,0,0,0,0,0,0,0,0,0,0,0,0,0,0,0,0,0,1,0,1,15143,0,3,1,1,0,1,0,15,0,2,0,1,0,0,0,0,0,0,0,0,0,0,0,0,1,0
290,AGC,0,7,0,0,0,0,0,0,1,14018,2,7,0,2,1,0,0,0,0,0,0,0,0,0,0,4,0,1,0,1,0,0,0,0,0,0,0,0,0,0,0,5,0,0,0,0,0,0,0,0,0,0,0,0,0,1,0,0,1,0,2,0,1,0
291,CCT,0,0,0,0,0,1,0,0,0,0,0,0,0,0,0,0,0,0,0,3,2,7,0,14798,0,0,0,0,0,0,0,1,0,0,0,0,0,0,0,0,0,0,1,0,0,0,0,0,0,0,0,0,0,0,0,0,1,0,0,0,0,0,0,0
292,GTA,0,0,0,0,0,0,0,0,0,0,0,0,12,0,0,0,0,0,0,0,0,0,0,0,0,0,0,0,0,0,0,0,0,0,0,0,4,0,0,0,0,0,0,0,15198,0,0,1,0,0,0,0,0,0,0,0,0,0,0,0,0,0,2,0
293,ACA,1,1,0,0,15204,0,0,0,0,0,0,0,4,0,0,0,0,0,0,0,2,2,0,0,0,0,2,2,0,1,0,0,0,0,0,0,2,0,0,0,1,0,0,0,0,0,0,0,0,1,0,0,1,0,0,0,0,1,0,0,0,0,0,0
294,ATT,0,0,0,1,0,0,0,1,0,0,0,1,0,3,1,15223,0,0,0,0,0,0,0,0,0,0,0,0,0,0,1,0,0,0,0,0,0,0,0,0,0,0,0,0,0,0,0,4,1,0,0,0,0,0,0,0,0,0,0,0,1,0,0,0
295,AAT,0,1,1,15206,0,0,0,0,0,0,0,4,0,0,0,1,1,0,0,2,0,0,0,0,0,0,1,0,0,0,0,0,3,0,1,1,1,1,1,0,2,1,0,0,1,0,1,0,0,0,0,0,0,1,1,0,0,1,0,1,0,0,0,0
296,TGT,0,0,0,0,0,0,0,0,0,0,0,0,0,0,0,0,0,0,1,0,0,0,0,0,0,0,0,0,0,0,0,0,0,0,0,0,0,0,0,0,0,0,0,0,0,0,0,0,0,0,0,2,0,0,0,0,0,2,0,15205,0,0,0,0
297,ATC,0,0,0,0,0,0,0,0,0,0,0,0,0,15216,0,5,0,0,0,0,0,0,0,0,0,0,0,0,0,0,0,0,0,0,0,0,0,0,0,0,0,0,0,0,1,0,0,0,0,0,0,0,0,0,0,0,0,0,0,0,0,0,0,0
298,AGA,1,0,0,0,0,0,0,0,15163,0,0,0,1,0,0,0,0,0,0,0,0,0,0,0,0,0,0,0,0,0,0,0,0,0,0,0,0,0,0,0,8,0,0,0,0,0,0,0,0,0,0,0,0,0,0,0,0,0,0,0,0,0,0,0
299,CCT,0,0,0,0,0,0,0,1,0,0,0,0,0,0,0,0,0,0,0,0,2,4,0,14961,0,0,0,0,0,0,0,0,0,0,0,0,0,0,0,0,0,0,0,0,0,0,0,0,0,0,0,0,0,0,0,0,0,0,0,0,0,0,0,0
300,AAC,1,15140,0,3,0,2,0,0,0,0,0,0,0,0,0,0,0,0,0,0,0,0,0,0,0,0,0,2,0,0,0,0,0,1,0,0,0,0,0,0,0,0,0,0,0,0,0,0,0,0,0,0,0,1,0,0,0,0,0,0,0,1,0,0
301,AAC,0,14799,1,2,0,0,0,0,0,1,0,0,0,0,0,0,0,0,0,0,0,0,0,0,0,0,0,0,0,0,0,0,0,0,0,0,0,0,0,0,0,0,0,0,0,0,0,0,0,0,0,0,0,0,0,0,0,0,0,0,0,0,0,0
302,AAT,1,0,3,14757,0,0,0,0,0,0,0,0,0,0,0,0,2,1,0,1,0,0,0,0,0,0,0,0,0,2,0,0,0,0,0,0,1,0,1,0,0,0,0,1,0,0,0,0,0,0,0,1,0,0,0,0,0,0,3,0,0,0,0,0
303,ACA,1,0,0,0,15204,0,3,2,1,0,0,0,3,0,0,0,0,0,0,0,0,0,0,0,0,0,0,0,0,0,0,0,0,0,0,0,1,0,0,0,0,0,0,0,0,0,0,1,0,0,0,0,0,0,0,0,0,0,0,0,0,0,0,0
304,AGA,1,0,0,0,0,0,0,0,15192,0,1,0,1,2,0,2,0,0,0,0,0,0,0,0,3,0,0,0,0,0,0,0,0,0,0,0,0,0,0,0,1,0,0,0,3,1,5,0,0,0,0,0,0,0,0,0,0,0,0,0,1,0,0,0
305,AAA,15189,0,0,0,0,0,1,0,0,1,0,0,1,4,1,0,0,0,0,0,0,0,0,0,0,0,0,0,1,1,0,0,1,0,0,0,0,0,0,0,0,0,0,0,0,0,0,2,0,0,0,0,2,0,0,0,0,0,0,0,1,3,0,4
306,AGT,0,0,0,4,2,0,0,0,0,3,0,14710,1,0,0,4,0,0,0,0,0,0,0,0,0,0,0,0,0,0,0,0,0,0,0,1,2,1,0,0,2,0,0,49,0,0,0,1,0,0,0,0,2,0,0,0,0,0,0,0,0,0,0,0
307,GTA,0,0,0,0,0,0,0,0,0,0,0,0,10,0,0,0,0,0,0,0,0,2,0,0,0,0,0,0,0,0,0,0,0,0,0,0,1,0,0,0,0,0,0,0,15047,0,5,1,0,0,0,0,0,0,0,0,0,0,0,0,1,0,0,0
308,CAC,0,0,0,0,0,0,0,0,0,0,0,0,0,1,2,0,3,15198,0,3,0,0,0,0,0,1,0,0,0,1,0,0,0,0,0,0,0,0,0,0,0,0,0,0,0,0,0,0,0,14,0,0,0,0,0,0,0,0,0,0,0,0,0,0
309,CTA,0,0,0,0,0,0,0,0,0,0,0,0,4,0,1,0,1,0,0,0,3,0,0,0,1,0,0,0,15153,1,0,0,0,0,0,0,0,0,0,0,0,0,0,0,0,0,0,0,0,0,0,0,0,0,0,0,0,0,0,0,4,0,1,0
312,GGA,1,0,0,0,0,0,0,0,4,0,0,0,0,0,0,0,2,0,0,0,0,0,0,0,0,0,0,0,0,0,0,0,4,0,0,0,1,0,0,0,15164,0,2,0,0,1,0,0,0,1,0,0,0,0,0,0,0,0,0,0,0,0,0,0
313,CCA,0,0,0,0,1,0,0,0,0,0,0,0,0,0,0,0,2,0,0,0,14816,1,13,1,0,0,0,0,1,0,0,0,0,0,0,0,0,0,0,0,0,0,0,0,0,0,0,0,0,0,0,0,2,0,0,0,0,0,0,0,0,0,0,0
314,GGA,0,0,0,0,0,0,0,0,5,0,0,0,0,0,0,0,0,0,0,0,0,0,0,0,0,0,0,0,0,0,0,0,3,0,0,0,0,0,0,0,13486,0,0,0,0,0,0,0,0,1,1,0,0,0,0,0,1,0,0,0,0,0,0,0
315,CAA,4,0,0,0,0,0,0,0,0,0,1,0,0,0,0,0,14941,0,5,0,0,0,0,0,0,0,0,0,0,0,0,0,0,0,0,0,0,0,0,0,0,0,0,0,0,1,0,0,1,0,0,0,0,0,0,0,0,0,0,0,0,0,0,0
316,GCA,0,0,0,0,7,0,0,0,0,0,0,0,0,1,0,0,0,0,0,0,0,1,1,1,0,1,0,0,0,0,0,0,1,0,0,0,14189,1,2,0,0,0,0,0,34,1,4,1,0,0,0,0,0,0,0,0,0,0,0,0,1,0,3,0
317,TTC,0,0,0,0,0,0,0,0,0,0,0,0,0,0,0,0,0,0,0,0,0,0,0,0,0,0,0,0,0,0,0,0,0,0,0,0,0,0,0,0,0,0,0,0,0,0,0,0,0,2,0,0,0,1,0,0,0,0,0,0,2,15215,0,5
317a,TAT,0,0,0,0,0,0,0,0,0,0,0,0,0,0,1,0,0,0,0,2,0,0,0,0,0,0,0,0,0,0,2,0,0,0,0,0,0,0,0,0,0,0,0,0,0,0,0,0,0,3,1,15202,0,0,0,0,0,0,0,0,0,0,0,1
318,GCA,0,0,0,0,18,1,0,0,0,0,0,0,0,0,1,0,0,3,0,2,0,0,0,0,0,0,0,0,0,0,0,0,0,0,0,0,14966,1,2,1,0,0,0,0,8,0,0,0,0,0,0,0,0,1,0,0,0,0,0,0,0,0,0,0
319,ACA,1,0,0,0,14412,1,4,0,1,0,1,0,7,0,0,0,0,0,0,0,2,0,0,0,0,0,0,0,0,2,0,2,0,0,0,0,2,0,0,0,0,0,0,0,0,0,0,0,0,0,0,0,0,0,0,0,0,0,0,0,0,0,2,0
320,GAT,0,0,0,0,0,0,0,0,0,0,0,0,0,0,0,0,0,0,0,0,0,0,0,0,0,0,0,0,0,0,0,0,1,1,1,13956,0,1,0,1,1,1,0,2,1,0,0,2,0,0,0,0,0,1,0,0,0,0,0,0,0,0,0,0
321,GGC,2,0,0,0,0,1,0,0,1,4,1,0,0,0,0,0,0,0,4,0,0,0,0,0,0,0,1,0,0,0,0,0,0,13,0,0,0,0,0,0,1,14490,2,18,0,0,0,0,0,0,0,0,0,0,0,0,0,0,0,0,0,0,0,0
322,ATA,0,0,0,0,1,0,0,0,0,0,0,0,13912,1,0,2,0,0,0,0,0,0,0,0,0,0,0,0,0,0,0,0,0,0,0,0,0,0,0,0,0,0,0,0,0,0,0,0,1,0,0,0,0,0,0,0,0,0,0,0,0,0,0,0
323,ATA,0,1,0,0,1,1,0,0,0,0,0,0,15213,0,3,3,0,1,0,0,0,0,0,0,0,0,0,0,0,0,0,0,0,0,0,0,0,0,0,0,0,0,0,0,4,0,0,0,0,1,0,0,0,0,0,0,0,0,0,1,0,1,0,0
324,GGG,0,0,0,0,0,0,0,0,0,0,6,0,0,0,0,0,0,0,0,1,0,0,0,0,0,0,0,0,0,0,1,0,0,0,1,0,0,0,0,0,1,0,15206,1,0,0,0,0,0,0,0,0,0,0,0,0,0,0,4,0,0,0,0,0
325,GAG,0,0,1,0,0,0,0,0,0,0,1,0,0,0,1,0,1,0,0,0,0,2,1,0,0,0,0,0,0,0,0,0,3,0,15178,0,0,1,0,0,0,0,3,0,0,0,0,0,0,0,0,0,0,0,0,0,0,0,0,1,0,0,0,0
326,ATA,0,0,0,0,0,0,0,0,0,0,0,0,15200,0,3,2,0,0,0,0,0,0,0,0,0,0,0,0,0,0,0,0,0,0,0,0,0,0,0,0,0,0,0,0,0,0,0,2,0,0,0,0,0,0,0,0,0,0,0,0,0,0,0,0
327,AGA,7,0,0,0,0,1,0,0,15176,0,1,0,1,0,0,0,0,0,0,0,0,0,0,0,2,0,2,1,0,0,0,0,0,0,0,0,0,0,0,0,1,0,0,0,0,0,0,0,0,0,0,0,0,0,0,0,0,0,0,0,0,0,0,0
328,CAA,5,0,0,0,0,0,2,0,0,0,0,0,0,0,0,0,15149,2,2,0,0,0,0,0,0,0,0,1,0,0,0,0,0,0,0,0,0,0,1,1,0,0,0,0,0,0,0,0,1,0,0,0,0,0,0,0,0,0,1,0,0,1,0,0
329,GCA,0,0,0,0,4,0,0,0,0,1,0,0,0,0,0,0,0,0,0,0,0,0,0,0,0,0,0,0,0,0,0,0,0,0,0,0,15010,0,0,0,0,0,0,0,5,0,0,0,0,0,0,0,0,1,0,0,0,0,0,1,0,0,0,0
330,CAT,0,0,0,5,0,1,1,0,0,0,0,0,0,0,0,0,0,1,0,15144,0,0,0,0,0,0,0,0,0,0,0,0,0,0,0,0,0,0,0,0,0,0,0,0,0,0,0,0,0,0,0,2,0,0,0,1,0,0,0,0,0,0,0,1
331,TGT,0,0,0,0,0,0,0,0,0,0,0,1,0,0,0,0,0,0,0,1,0,0,0,0,0,0,0,1,0,0,0,0,0,0,0,0,0,0,0,0,0,0,0,0,0,0,0,0,2,0,0,3,0,1,0,0,2,1,0,15120,0,0,0,0
332,AAT,2,1,0,15187,0,0,0,0,0,0,0,0,0,0,0,1,0,0,0,0,0,0,0,0,0,0,0,0,0,0,0,0,0,0,0,1,2,0,0,0,0,0,0,0,0,0,0,0,0,0,0,0,0,0,0,1,0,0,2,0,0,0,0,0
333,GTT,0,0,0,0,0,0,0,0,0,0,0,0,0,0,0,2,0,0,0,0,0,0,0,0,0,0,0,0,0,0,0,0,0,1,0,2,0,0,0,1,0,0,0,0,0,2,0,15039,0,0,0,0,0,0,0,0,0,0,0,0,0,0,0,0
334,AGT,0,0,0,3,1,0,0,0,0,3,0,14241,0,0,0,0,0,0,0,0,0,0,0,0,0,0,0,0,0,0,0,0,0,0,0,0,0,0,0,0,1,0,0,3,0,0,0,0,0,0,0,1,0,0,0,0,0,0,0,0,0,0,0,0
335,AAA,15182,0,0,0,2,0,0,1,0,0,0,0,0,0,0,0,2,0,0,0,0,0,0,0,0,0,0,0,0,0,0,0,0,1,1,0,0,0,0,0,0,0,0,0,0,0,0,0,0,0,0,0,0,1,0,0,0,0,0,1,0,0,0,0
336,AAA,15206,2,11,2,0,0,1,0,0,0,0,0,1,0,0,0,0,0,0,1,0,1,0,0,0,1,0,0,0,0,0,0,0,0,0,0,0,1,0,0,0,0,0,1,1,0,0,0,0,0,0,0,0,0,0,0,0,0,0,0,1,0,0,0
337,GAA,0,0,0,0,0,1,0,0,0,0,0,0,0,0,0,0,0,0,0,0,0,0,0,0,0,0,0,1,0,0,0,0,15209,0,2,1,0,0,0,0,0,0,0,0,1,0,0,0,0,0,0,0,0,0,0,0,0,0,0,0,0,0,0,0
338,TGG,0,0,0,0,0,0,0,0,0,0,0,0,0,0,0,0,0,0,0,0,0,0,0,0,0,0,0,0,0,0,0,0,0,0,0,0,0,0,0,0,0,0,0,0,0,0,0,0,0,0,3,0,0,0,0,0,3,0,15135,0,0,0,1,0
339,AAT,1,0,0,15170,1,0,0,0,0,0,0,0,0,0,0,0,0,0,1,0,0,1,0,0,0,0,0,0,2,0,0,0,0,0,0,0,0,1,0,0,0,0,0,0,0,0,0,1,0,0,0,0,0,0,1,0,0,0,0,0,0,0,0,0
340,AGC,2,10,1,1,0,3,0,1,1,15113,0,19,0,1,0,0,0,2,0,0,2,0,0,0,0,3,0,0,0,0,0,0,0,0,1,0,0,0,0,0,0,4,0,0,0,0,0,0,0,0,0,1,0,1,0,0,0,0,1,0,1,1,2,0
341,ACT,0,0,0,3,1,2,0,14880,0,0,0,1,0,0,0,8,0,0,1,0,0,0,0,0,0,0,1,0,0,0,0,0,1,0,0,0,0,0,0,1,0,0,0,0,0,0,1,0,0,0,0,0,1,0,0,0,0,0,0,0,1,0,0,0
342,TTG,0,0,0,0,0,0,0,0,0,0,0,0,0,1,2,0,0,0,0,0,0,0,0,0,0,0,0,0,1,1,2,0,0,0,0,0,0,0,0,0,0,0,0,0,0,0,0,0,0,0,0,0,0,0,3,0,0,0,0,1,19,0,15003,0
343,CAA,3,1,0,0,1,0,0,0,0,0,1,0,0,0,0,0,15032,0,0,0,0,0,0,0,2,0,0,1,0,0,0,1,1,0,0,0,0,0,1,0,0,0,0,0,0,0,1,0,14,0,0,0,0,0,0,0,0,0,0,0,1,0,0,0
344,AAG,1,0,15177,1,0,1,1,0,0,0,14,0,0,0,0,0,2,0,0,0,0,0,0,0,1,0,0,1,0,0,0,0,0,0,1,0,0,1,0,0,0,0,0,1,0,0,0,0,0,0,0,0,0,1,0,1,0,0,0,0,0,0,0,0
345,GTA,0,0,0,0,0,0,0,0,0,0,0,0,4,0,0,0,0,0,0,0,0,0,0,0,0,0,0,0,0,0,0,0,0,0,0,0,1,0,0,0,2,0,0,0,14619,0,3,0,0,0,0,0,0,0,0,0,0,0,0,0,3,0,0,0
346,GCC,0,0,0,0,1,6,0,0,0,0,0,0,0,0,0,0,2,0,0,0,0,0,0,0,0,0,0,0,0,0,0,0,0,2,0,0,0,11791,2,5,0,0,0,1,0,11,0,0,0,0,0,0,0,3,0,0,0,0,0,0,0,0,0,0
347,AAC,3,14388,2,1,0,1,1,0,0,2,0,0,1,0,0,0,0,0,0,0,0,0,0,0,1,0,0,0,0,0,1,0,0,1,0,0,1,0,0,0,0,0,0,0,0,0,0,0,0,0,0,0,0,1,0,0,0,1,0,0,0,1,0,0
348,CAA,2,0,0,0,0,1,2,0,0,0,0,0,0,0,1,0,14916,1,1,1,0,0,0,0,2,2,0,0,2,0,0,1,1,0,1,0,2,0,0,0,0,1,0,0,0,0,1,0,1,1,0,0,0,2,0,0,0,0,0,0,0,0,1,0
349,TTA,0,0,0,0,0,0,0,0,0,0,0,0,0,0,0,0,0,0,0,0,0,0,0,0,0,0,0,0,0,1,0,0,0,0,0,0,0,0,0,0,0,0,0,0,0,0,0,0,0,0,0,0,0,0,0,0,0,0,0,0,15123,0,3,0
350,AGA,2,0,0,0,1,0,0,0,15193,0,1,0,2,0,0,0,0,0,0,0,0,0,0,0,2,0,0,0,0,0,0,0,0,0,0,0,0,0,0,0,0,0,0,0,0,0,0,0,0,0,0,0,0,0,1,0,1,0,0,0,0,1,0,0
351,CCA,1,0,0,0,9,0,0,0,0,4,0,1,1,0,0,0,3,1,0,1,15178,2,1,0,0,0,0,0,3,1,1,0,0,0,1,0,2,0,0,1,0,0,0,0,0,0,0,0,0,0,0,0,1,1,0,1,0,0,0,0,1,0,0,0
352,TAC,0,0,0,0,0,0,0,0,0,0,0,0,1,0,0,0,0,1,0,0,0,0,0,0,0,0,0,0,1,0,0,0,0,1,0,0,0,0,0,0,0,0,0,0,0,0,0,0,1,14487,0,1,1,3,1,0,0,1,1,0,2,1,0,0
353,TTT,0,0,0,0,0,0,0,0,0,0,0,0,0,0,0,0,0,0,0,0,0,0,0,0,0,0,0,0,0,0,0,0,0,0,0,0,0,0,0,0,0,0,0,0,0,0,0,0,0,0,0,1,0,0,0,0,0,0,0,0,1,0,0,15045
354,AAG,6,0,15173,1,0,1,1,0,0,0,2,0,0,0,0,0,0,0,1,0,0,0,1,1,0,0,1,0,2,0,0,0,0,0,3,1,0,1,1,0,0,1,0,0,0,0,0,1,0,1,0,0,0,0,1,0,0,0,0,0,1,0,0,2
355,AAC,4,14504,0,5,0,0,0,1,0,1,1,0,0,1,0,0,0,0,0,0,0,0,0,0,0,0,3,0,0,0,0,1,0,1,0,0,0,0,0,0,0,0,0,0,0,0,0,0,0,0,0,0,0,0,0,0,0,0,1,0,0,0,0,1
356,AAC,1,15188,0,1,0,0,0,0,0,2,0,0,0,1,0,0,0,0,0,0,0,1,0,0,0,1,0,0,0,0,0,0,0,0,0,0,0,0,1,0,0,1,2,1,0,0,0,0,0,0,0,0,1,0,0,0,0,0,0,0,0,0,0,0
357,ACA,2,0,0,0,15170,1,0,3,1,1,0,0,4,0,0,0,0,0,0,0,0,0,2,0,0,0,0,0,0,0,0,0,0,0,0,0,1,0,0,0,0,0,0,0,0,0,0,1,0,0,0,0,0,1,0,0,0,0,0,0,0,0,0,0
358,ATA,1,0,0,0,1,1,0,0,0,0,0,0,15181,0,0,0,1,0,0,0,0,0,0,1,0,1,0,1,0,0,0,0,0,0,0,0,0,1,0,0,0,0,0,0,2,0,0,1,0,0,0,0,1,0,1,0,0,0,0,0,0,0,0,0
359,ATA,6,0,0,0,2,0,0,0,0,0,0,0,14114,0,4,0,0,0,0,0,0,0,0,0,0,0,0,0,0,0,0,0,0,0,0,0,0,0,0,0,0,0,0,0,13,0,1,0,0,0,0,0,0,0,0,0,0,0,0,0,0,0,0,1
360,AAA,15205,1,0,0,0,1,0,1,2,1,1,0,0,0,1,0,0,0,0,0,0,0,0,0,0,0,1,0,0,1,0,0,1,0,0,0,0,0,1,0,0,1,0,0,2,0,0,0,0,0,0,0,0,0,0,0,0,0,0,0,0,1,0,0
361,TTT,0,0,1,0,0,0,0,0,0,0,0,0,0,0,0,0,0,0,0,0,0,0,0,0,0,0,0,0,0,0,1,0,0,0,0,0,0,0,0,0,0,0,0,0,0,0,0,0,0,0,0,0,0,0,0,0,0,0,0,0,0,1,0,15115
362,GCT,0,3,0,0,0,1,0,11,1,0,0,0,0,0,1,1,1,0,1,0,1,0,0,0,0,0,0,0,0,0,2,0,0,0,0,1,0,0,0,15136,1,0,1,1,0,0,1,11,0,0,0,0,0,0,0,2,0,1,0,1,0,0,0,0
363,AAC,0,15205,1,4,0,0,0,0,0,1,0,0,0,0,0,0,0,0,1,0,1,1,0,0,1,0,0,0,0,0,0,2,0,1,0,2,0,0,1,0,0,0,0,0,0,0,0,0,0,0,0,0,0,0,0,0,0,0,0,0,0,0,0,0
364,TCA,0,0,0,0,2,0,0,0,0,0,0,0,0,0,0,0,0,0,0,2,5,1,0,1,0,0,0,0,0,0,0,0,0,0,0,0,2,2,1,0,0,0,0,1,0,0,0,0,1,0,0,0,15180,0,4,1,1,0,0,0,0,0,0,0
365,TCA,0,0,0,0,1,0,3,0,0,0,0,0,0,0,0,0,0,0,0,0,1,0,1,0,0,0,0,0,0,0,0,0,0,0,0,0,1,0,0,0,0,0,1,0,0,0,1,0,0,0,0,0,14853,0,4,1,0,0,0,0,4,0,0,0
366,GGA,0,0,0,0,0,0,0,0,2,0,0,0,0,0,0,0,0,0,0,0,0,0,0,0,0,0,0,0,0,0,0,0,2,0,0,0,0,0,0,0,14599,0,1,0,0,0,0,0,0,0,0,0,0,0,0,0,1,0,0,0,0,0,0,0
367,GGG,0,0,0,0,0,0,0,0,0,0,17,0,0,0,0,0,0,0,0,0,0,0,0,0,0,0,0,0,0,0,0,0,0,0,0,0,0,0,0,0,1,1,14828,0,0,0,1,0,0,0,0,0,0,0,0,0,0,0,2,0,0,0,0,0
368,GAT,0,0,0,1,0,0,0,0,0,0,0,0,0,0,0,0,1,0,0,0,0,0,0,0,0,0,0,0,0,0,0,0,0,0,0,15190,0,0,0,0,0,0,0,1,1,0,0,0,0,0,0,0,0,0,0,0,0,0,0,0,0,0,0,0
369,CTA,0,0,0,0,1,0,0,0,1,0,0,0,0,0,0,1,0,0,0,0,5,0,0,0,0,0,0,0,15115,0,4,1,0,0,0,0,0,0,0,0,0,0,0,2,0,0,0,0,0,0,0,0,0,0,0,0,0,0,3,0,0,0,2,2
370,GAA,0,0,0,0,0,0,0,0,0,0,0,0,0,0,0,0,0,0,0,0,0,0,0,0,0,0,0,0,1,0,0,0,15201,0,0,1,0,0,1,1,1,0,0,0,0,0,0,0,0,0,0,0,0,0,0,0,0,0,0,0,0,0,0,0
371,ATT,0,0,0,0,0,0,0,0,0,0,0,0,0,1,0,15151,1,0,0,0,0,0,0,0,0,0,0,0,0,0,0,1,0,0,0,0,0,0,0,0,0,0,0,0,1,0,0,0,0,0,0,0,0,0,0,0,0,0,0,0,0,0,0,0
372,ACA,0,0,0,1,21874,1,9,3,0,2,0,0,11,0,1,1,1,0,0,0,0,0,0,0,0,2,0,0,1,0,0,0,0,0,0,0,2,1,0,0,0,0,0,0,2,1,0,0,0,0,0,0,1,0,0,0,0,1,0,2,0,0,0,1
373,ACA,0,0,0,0,21823,0,0,2,0,2,0,0,2,0,1,0,0,1,0,5,0,0,0,0,0,0,1,0,0,0,0,0,0,0,0,0,3,0,5,0,0,0,0,0,0,0,0,0,0,0,0,0,1,1,0,0,0,0,0,0,0,0,0,0
374,CAT,0,1,0,0,1,1,0,1,0,2,0,0,0,0,0,0,1,1,0,21400,0,0,0,0,0,0,0,0,0,1,0,0,0,0,0,1,0,0,1,0,0,0,0,0,0,0,0,0,0,2,0,6,2,0,0,0,0,0,0,0,0,0,0,0
375,AGT,0,0,0,6,0,0,0,0,1,1,0,21204,0,0,0,8,0,0,0,0,0,0,0,0,0,0,0,0,0,0,0,0,0,0,0,0,1,1,0,2,1,0,0,3,2,0,0,0,0,0,0,0,0,2,0,0,0,0,0,0,1,0,0,1
376,TTT,0,0,0,0,0,0,0,0,0,0,0,0,0,0,3,0,1,2,0,0,0,0,0,0,0,0,0,0,0,0,0,0,0,0,0,0,0,0,0,0,0,0,0,0,0,0,0,0,0,0,0,0,0,0,0,2,0,0,0,0,1,1,0,21911
377,AAT,1,1,0,21901,0,0,0,0,0,0,0,0,1,0,0,1,0,0,0,0,0,0,0,0,0,0,0,0,0,0,0,0,0,0,0,2,0,0,0,0,0,0,0,0,0,0,0,0,0,0,0,1,0,1,0,0,0,0,0,0,0,0,1,0
378,TGT,0,0,0,0,0,0,0,0,0,0,0,1,0,0,0,0,0,0,0,0,0,0,0,0,0,0,0,1,0,0,0,0,0,0,0,0,0,0,0,0,0,0,0,1,0,0,0,0,0,0,0,23,0,0,0,0,0,0,0,20170,0,0,0,0
379,GGA,0,0,0,3,0,0,0,0,4,0,2,0,0,0,0,0,0,0,3,0,0,0,0,0,1,0,1,0,0,0,0,0,0,0,0,0,1,0,0,0,20834,0,5,0,0,0,0,0,0,0,0,1,0,0,0,0,5,0,0,0,0,0,0,0
380,GGA,0,0,1,0,0,0,0,0,2,0,0,0,0,0,0,0,0,0,0,0,0,0,0,0,0,0,0,0,0,0,0,0,1,0,0,0,0,0,0,0,19644,0,3,1,0,0,0,0,0,0,0,0,0,0,0,0,16,0,0,0,0,0,0,0
381,GAA,0,0,0,0,0,0,0,0,0,0,0,0,0,0,0,0,1,0,0,0,0,0,0,0,0,0,0,0,0,0,0,0,21538,0,2,1,0,0,0,0,0,0,0,0,0,0,0,0,1,0,0,0,0,0,0,0,0,0,0,0,0,0,0,0
382,TTT,0,0,0,0,0,0,0,0,0,0,0,0,0,0,0,0,0,0,0,0,0,0,0,0,0,0,0,0,0,0,0,1,0,0,0,0,0,0,0,0,0,0,0,0,0,0,0,1,0,1,0,2,0,0,0,1,0,0,0,0,0,1,2,21944
383,TTC,0,0,0,0,0,0,0,0,0,0,0,0,0,0,1,0,0,0,0,0,0,0,0,0,0,0,0,0,0,0,0,0,0,0,0,0,0,0,0,0,0,0,0,0,0,0,0,0,0,0,0,0,0,2,0,0,0,0,0,0,0,21935,1,6
384,TAT,0,0,0,0,0,0,0,0,0,0,0,0,0,0,1,0,0,4,0,5,0,0,0,0,0,0,1,0,0,0,0,0,0,0,0,0,0,0,0,0,0,0,0,0,0,0,1,0,1,3,0,21917,0,0,0,1,0,0,0,2,0,1,0,4
385,TGT,0,0,0,0,0,0,0,0,0,0,0,1,0,0,0,0,0,0,0,0,0,0,0,0,0,0,0,2,0,0,0,0,0,0,0,0,0,0,0,0,0,0,0,0,0,0,0,0,0,0,0,6,0,0,0,0,0,7,0,21906,0,0,0,0
386,AAC,1,21896,1,8,1,0,2,0,0,0,1,1,0,0,0,1,0,1,0,0,0,1,0,0,0,1,0,0,0,0,0,0,0,2,2,0,0,1,0,0,0,0,1,0,0,0,0,0,0,0,0,0,1,0,2,1,0,0,1,0,0,0,0,0
387,ACA,0,0,0,0,21040,5,2,2,0,2,0,0,3,0,0,0,0,0,0,0,0,0,0,0,0,0,0,0,0,0,0,0,0,0,0,0,0,0,0,0,0,0,0,0,0,0,0,0,0,0,0,0,0,0,2,0,0,0,0,0,0,0,0,0
388,TCA,1,1,1,0,2,0,0,0,0,1,0,0,0,0,0,0,0,0,0,0,0,2,0,0,0,0,0,0,0,0,0,0,0,0,0,0,0,2,1,0,0,1,0,1,0,0,0,0,0,0,0,3,21858,5,13,0,0,2,0,0,3,0,0,0
389,GGC,1,0,0,0,0,1,0,0,0,4,0,0,2,0,0,0,1,1,0,0,1,0,1,1,1,1,0,0,0,0,0,2,0,11,0,0,0,1,1,0,0,21047,0,7,0,0,0,0,0,0,0,2,2,1,0,0,0,8,0,0,0,0,1,0
390,CTG,0,0,0,0,1,0,0,0,0,0,0,0,0,0,0,0,0,0,1,0,0,0,6,0,0,0,0,0,3,1,21703,0,0,0,0,0,0,0,0,0,0,0,0,0,0,0,0,0,0,0,0,1,0,0,0,0,0,0,0,0,0,0,0,0
391,TTT,0,0,0,0,0,0,0,0,0,0,0,0,0,0,0,0,0,0,0,0,0,0,0,0,0,0,0,0,0,0,0,1,0,0,0,0,0,0,0,0,0,0,0,0,0,0,0,0,0,0,0,0,0,0,0,0,0,0,0,0,0,0,0,21920
392,AAT,2,2,2,21901,0,1,0,1,0,3,0,3,0,0,0,1,0,1,0,2,0,0,0,0,2,1,1,1,0,1,0,0,2,1,0,2,1,0,0,1,0,0,1,0,1,0,1,0,0,1,0,0,1,0,1,4,0,0,0,0,0,0,0,0
393,AGC,0,16,0,0,0,1,0,0,2,21878,0,4,1,2,1,0,0,1,0,2,2,1,0,0,0,2,0,0,0,0,0,0,0,0,2,2,0,0,0,0,0,13,1,1,0,0,0,0,0,0,0,0,0,0,0,1,0,0,0,0,0,0,0,0
394,ACT,2,0,0,6,1,3,2,21857,3,2,5,0,1,2,3,3,0,0,2,1,2,0,0,1,3,0,1,2,1,2,1,0,1,2,1,1,0,1,4,5,4,1,0,0,2,0,0,1,0,0,0,1,1,2,5,0,0,1,3,0,0,0,1,0
395,TGG,1,0,0,0,0,0,0,0,0,0,1,0,1,0,0,0,2,2,0,0,1,0,0,0,0,0,1,0,0,0,0,0,0,1,0,0,0,0,1,0,0,0,0,0,2,0,0,0,0,2,1,0,0,0,0,2,2,0,21913,1,1,3,1,1
395a,GAG,1,1,6,0,0,3,0,2,1,0,0,0,0,0,5,0,0,0,0,1,1,0,0,0,0,0,0,0,1,1,1,0,3,0,21205,2,0,2,0,0,0,0,7,2,1,0,2,0,0,1,0,0,0,0,1,2,0,0,0,1,2,0,1,1
396,TTT,0,0,1,1,1,0,0,0,1,1,1,0,2,0,1,2,0,0,0,0,1,3,0,1,0,0,1,0,0,0,0,1,2,0,1,0,0,0,0,0,0,0,1,0,0,0,1,0,0,0,0,4,0,0,0,0,1,0,0,0,2,2,1,21610
397,AAT,0,4,1,21843,0,0,0,1,0,0,0,5,3,0,1,0,0,1,0,1,1,0,0,0,0,0,0,0,0,0,0,0,0,0,0,0,0,1,0,0,0,0,0,0,0,0,0,0,0,0,0,5,0,0,0,0,0,0,0,0,1,1,0,1
398,AGC,0,9,0,0,0,0,1,0,3,21856,2,7,0,0,0,0,0,2,0,1,0,1,0,2,0,0,0,0,0,2,0,0,0,0,1,1,1,0,1,0,0,11,0,0,2,0,0,0,1,1,0,0,0,0,0,3,0,0,0,0,0,0,0,0
399,ACT,1,0,0,0,4,4,2,21892,0,0,0,1,0,2,0,3,0,0,0,0,1,1,3,0,2,0,1,2,0,0,1,0,0,1,1,1,1,0,1,0,1,0,0,0,1,1,1,0,0,0,0,0,0,0,0,0,0,0,2,1,0,1,1,1
400,TGG,1,0,0,0,1,0,2,0,0,0,0,3,0,1,0,0,0,0,0,1,1,0,1,0,0,0,6,0,0,0,0,0,0,0,0,0,1,1,0,0,2,0,3,0,1,0,0,0,0,0,2,0,0,0,0,2,6,2,20551,0,1,0,8,0
406,AAT,3,2,2,21849,0,0,1,1,1,0,7,2,0,0,0,0,0,3,0,0,1,1,0,1,0,0,1,1,0,1,0,0,0,0,0,1,0,0,1,1,0,1,2,0,0,0,1,1,0,0,0,0,0,0,0,1,0,0,0,0,0,0,0,1
407,AAT,0,1,1,21906,0,0,0,0,1,0,1,2,0,1,0,1,1,0,2,0,2,2,0,1,0,0,0,0,0,2,0,0,0,1,1,0,1,0,0,0,1,0,1,0,1,0,0,1,0,1,0,0,0,0,2,0,0,0,1,0,0,0,1,0
408,TCA,2,0,1,0,3,1,0,1,0,0,0,1,1,1,0,0,0,0,1,1,2,2,2,0,0,0,0,0,0,0,0,0,1,1,0,1,0,2,1,0,0,2,2,0,1,1,1,0,0,0,0,0,21882,2,1,0,0,0,2,1,0,0,3,0
409,AAT,3,4,0,21880,1,0,1,1,0,0,0,2,0,0,0,1,0,0,2,1,0,1,1,0,1,2,0,0,1,0,0,1,0,1,0,3,0,0,0,0,0,1,0,1,0,1,0,0,0,2,0,0,3,0,2,0,0,0,0,0,0,0,0,0
410,AGC,1,9,0,0,0,1,1,0,2,21859,0,11,0,3,0,1,0,0,0,1,3,0,0,0,1,1,0,0,1,0,2,0,1,0,2,0,0,0,0,0,1,5,0,0,2,0,0,0,0,1,0,2,3,0,3,0,0,0,0,0,0,1,0,2
411,ACA,1,0,0,0,21887,2,2,0,1,0,1,1,6,0,0,0,0,4,0,1,0,0,0,0,1,0,1,0,2,0,0,0,1,0,1,0,5,0,0,0,0,0,1,0,0,0,0,0,0,0,0,1,3,0,0,0,0,0,0,1,1,0,0,0
412,GAG,0,0,3,0,0,0,0,0,0,0,0,0,0,0,0,0,0,0,0,0,0,0,0,0,1,0,0,0,0,0,0,0,9,1,21792,2,0,0,0,0,0,1,1,0,0,0,0,0,0,1,1,0,2,0,1,0,0,0,0,1,0,1,0,0
413,AAT,3,2,0,21907,0,0,0,0,0,1,1,0,0,0,1,0,0,0,0,0,1,0,0,0,0,0,0,0,1,0,0,0,0,0,1,0,0,1,0,0,0,0,0,0,1,0,0,2,0,0,0,0,0,0,0,0,0,0,0,0,0,0,0,0
414,ATA,0,0,0,0,3,0,0,0,0,0,0,0,21936,0,3,1,0,0,0,0,0,0,0,0,0,0,0,0,0,0,0,0,0,0,0,0,0,0,0,0,0,0,0,0,1,0,0,0,0,0,0,0,0,0,0,0,0,0,0,0,0,0,0,0
415,ACT,1,2,0,3,3,5,1,21880,0,0,1,0,0,0,4,11,0,0,0,0,0,0,0,0,0,2,0,0,0,0,0,0,0,0,0,0,0,0,0,2,0,0,0,0,0,0,0,0,0,1,0,0,0,0,1,0,0,0,0,0,0,0,0,0
416,CTC,0,0,0,0,0,0,0,0,0,0,0,0,0,5,2,0,0,2,0,0,0,3,0,0,0,0,0,0,3,21928,1,1,0,0,0,0,0,0,0,0,0,0,0,0,0,0,0,0,0,0,0,0,0,0,0,0,0,0,0,0,3,3,0,0
417,CAA,5,0,2,0,0,1,0,0,5,0,0,0,0,2,0,0,21882,0,1,0,2,1,0,0,3,1,0,0,3,0,0,0,0,0,0,0,1,0,0,0,0,0,0,0,1,1,1,1,3,0,0,1,0,0,0,0,0,0,0,0,0,1,1,1
418,TGC,0,0,0,0,0,0,0,0,0,0,0,0,0,0,0,0,0,0,0,0,0,0,0,0,0,1,0,0,0,0,0,0,0,0,0,0,0,1,0,0,0,0,0,0,0,0,0,0,0,4,0,0,0,0,0,0,3,21522,0,16,0,1,0,0
419,AGA,4,0,0,0,0,0,0,0,21921,0,2,0,0,0,0,0,0,0,0,0,0,0,0,0,0,1,0,0,0,0,0,0,0,0,0,0,0,0,0,0,4,0,0,0,0,0,0,0,0,0,0,0,0,0,0,0,0,0,0,0,0,0,0,0
420,ATA,0,2,0,0,0,0,0,0,0,0,0,0,21908,0,1,1,0,0,0,0,0,0,0,0,0,0,0,0,0,0,0,0,0,0,0,0,0,0,0,0,0,0,0,0,0,0,0,0,0,0,1,0,1,0,0,0,0,0,0,0,1,0,0,0
421,AAG,12,0,21918,0,0,0,1,0,1,0,1,0,0,0,0,0,0,0,0,0,0,0,0,0,1,0,0,0,0,0,0,0,0,0,2,0,0,0,0,0,0,0,0,0,0,0,0,0,0,0,0,0,0,0,0,0,0,0,0,0,0,0,0,0
422,CAA,0,0,0,0,0,0,0,0,0,0,0,0,0,0,0,0,21895,0,1,2,0,0,0,0,0,0,0,0,1,0,0,0,0,0,0,0,0,0,0,0,0,0,0,0,0,0,0,0,5,0,0,0,0,0,0,0,0,0,0,0,0,0,0,0
423,ATT,0,0,0,0,0,0,0,0,0,0,0,0,1,1,0,21916,0,0,0,0,0,0,0,0,0,0,0,0,0,0,0,0,0,0,0,0,0,0,0,0,0,0,0,0,0,0,0,2,0,0,0,0,0,0,0,0,0,0,0,0,0,0,0,2
424,ATA,0,0,1,0,4,0,0,0,0,0,0,0,21881,1,3,2,0,0,0,0,0,0,0,0,0,0,0,0,0,0,0,2,0,0,0,0,0,0,0,0,0,0,0,0,2,0,0,1,0,0,0,0,0,0,0,0,0,0,0,0,0,0,0,1
425,AAT,0,2,2,21883,0,1,0,0,0,1,1,1,0,1,0,0,0,2,4,3,0,0,0,0,0,0,0,0,0,0,0,0,1,0,0,6,1,0,1,1,0,0,0,0,0,0,0,0,0,0,0,1,1,1,0,0,0,0,0,0,0,0,0,0
426,ATG,0,0,1,0,0,0,2,0,1,0,1,0,14,2,21879,2,0,0,0,0,1,0,0,0,0,0,0,0,2,0,0,0,0,0,0,0,0,0,0,0,0,0,0,0,0,0,1,0,0,0,0,1,0,0,0,0,0,0,0,0,0,0,1,0
427,TGG,0,0,0,0,0,0,0,0,0,0,0,0,0,0,0,0,0,0,0,0,0,0,0,0,0,0,1,0,0,0,0,0,0,0,0,0,0,0,0,0,0,0,3,0,0,0,0,0,0,0,0,0,0,0,0,0,10,0,21879,4,0,0,1,1
428,CAA,1,0,0,1,0,0,0,0,0,0,0,0,0,0,0,0,21315,2,3,0,0,0,0,0,3,0,0,0,0,1,0,0,0,0,0,0,0,4,0,1,0,0,0,0,0,0,0,0,8,0,0,0,0,3,2,0,0,0,0,0,0,0,0,0
429,AGA,2,1,0,0,0,0,0,0,21477,0,1,0,1,0,2,1,0,1,0,0,0,0,0,0,2,3,0,0,0,0,1,0,2,0,0,0,0,0,0,0,3,0,1,0,1,1,0,1,0,0,0,0,0,0,0,0,2,0,0,0,0,0,0,0
430,GCA,1,0,0,0,6,0,2,1,3,1,2,1,0,1,0,0,0,1,2,1,0,0,0,0,1,3,1,0,0,0,0,0,5,1,3,0,21661,1,12,0,2,0,2,1,30,0,0,0,0,0,0,0,1,0,0,3,0,1,1,0,0,0,1,0
431,GGA,0,0,1,5,0,2,1,0,8,2,1,0,0,0,0,0,1,2,0,1,0,0,0,0,0,1,2,0,0,0,0,1,10,3,4,0,0,3,1,0,19866,0,4,1,0,0,1,0,0,0,0,0,0,1,0,0,4,0,0,0,1,0,0,1
432,CAA,1,1,0,1,0,0,0,0,1,0,1,0,1,0,1,0,20845,4,6,2,0,1,1,0,3,1,0,1,2,0,2,0,0,0,0,0,0,0,2,0,0,0,0,0,0,0,0,0,1,0,0,0,2,1,0,0,0,0,0,0,1,0,4,0
433,GCA,0,1,0,0,10,0,1,0,0,1,0,2,0,0,1,0,0,0,0,0,0,1,0,0,3,0,0,0,0,2,3,1,0,0,0,0,21112,1,4,3,0,0,0,0,8,0,0,0,0,0,0,0,2,1,0,0,1,0,0,0,0,0,0,0
434,ATA,0,2,0,0,1,0,0,0,0,0,0,0,21568,5,3,0,0,1,0,0,0,0,0,0,0,0,0,0,1,1,2,1,0,0,0,0,0,0,0,0,0,0,0,0,0,0,2,0,0,0,0,0,0,0,0,0,0,0,0,0,0,1,0,0
435,TAT,0,0,0,0,0,0,0,0,0,0,0,0,0,0,0,0,0,0,0,1,0,0,0,0,0,0,0,0,0,0,0,0,0,0,0,0,0,0,0,0,0,0,0,0,0,0,0,0,3,2,0,21914,0,0,0,0,0,0,2,2,0,0,0,0
436,GCC,0,0,0,0,0,6,0,0,1,0,0,0,0,2,1,0,0,0,0,0,0,1,0,0,0,0,0,0,0,0,0,0,0,2,0,0,1,21817,2,5,0,0,1,0,0,30,0,2,0,0,0,0,0,3,0,0,0,0,0,0,0,0,2,0
437,CCT,0,0,0,1,0,0,0,2,0,0,0,0,0,1,0,0,0,0,0,3,0,12,0,20395,0,0,0,0,0,0,0,13,0,0,0,0,0,0,0,0,2,0,0,0,0,0,0,0,0,0,0,0,0,0,0,1,0,0,0,0,0,0,1,0
438,CCC,0,0,0,0,0,8,0,2,0,0,0,0,0,0,0,0,0,3,0,0,5,21319,0,4,0,0,0,0,0,1,0,0,0,0,0,0,0,0,0,0,0,0,0,0,2,0,0,3,0,0,0,0,1,7,1,0,0,0,0,0,0,1,0,0
439,ATA,0,0,0,0,2,0,1,0,0,0,0,0,21085,1,1,0,0,1,0,1,1,0,0,0,0,0,0,0,0,0,0,0,0,0,0,0,0,0,0,0,0,0,0,0,2,0,0,0,0,2,0,0,0,0,0,0,0,0,0,0,0,0,0,0
440,CCA,0,0,0,0,2,1,0,2,1,0,0,0,0,0,0,0,1,0,2,0,21198,1,12,1,0,0,0,0,2,0,0,0,0,0,1,0,0,0,0,0,0,0,0,0,0,0,0,0,0,0,0,0,1,0,0,0,0,0,0,0,0,0,0,0
441,GGA,0,0,0,0,0,0,0,0,1,0,0,0,0,0,0,0,0,0,0,0,0,0,0,0,0,0,0,0,0,0,0,0,2,0,2,0,0,0,0,0,20486,3,8,1,0,0,0,0,0,0,0,0,0,0,0,0,1,0,0,0,0,0,0,0
442,GTA,1,0,1,0,0,0,0,0,0,0,0,1,10,0,0,0,0,0,0,0,0,0,0,0,0,0,0,0,0,0,0,0,2,0,0,0,1,0,0,0,1,0,0,0,21779,1,2,1,0,0,0,0,0,1,0,0,0,0,0,0,1,0,0,0
443,ATA,1,0,0,1,1,0,1,0,0,0,0,0,21838,0,12,4,0,0,0,0,1,0,0,0,0,0,0,0,0,0,1,0,0,0,0,0,0,0,0,0,0,0,0,0,8,0,2,2,0,0,0,0,0,0,0,1,0,0,0,2,3,0,4,0
444,AGG,0,1,2,0,0,0,0,0,4,0,21860,0,0,0,1,0,0,2,1,0,0,1,0,0,1,1,1,1,0,0,0,0,0,0,0,0,0,0,0,0,0,0,6,0,0,0,0,0,0,0,0,0,0,0,1,0,0,2,0,0,0,0,0,0
445,TGT,0,0,0,0,0,0,0,0,0,0,0,0,0,0,0,0,0,0,0,0,0,0,1,0,0,0,0,0,0,0,0,0,0,0,0,0,1,0,0,0,0,0,0,0,0,0,0,0,0,0,0,6,0,0,0,0,0,5,0,21813,0,0,0,1
446,AAA,21919,0,0,0,0,0,0,0,0,0,0,0,0,0,0,0,0,0,0,0,0,0,0,0,0,0,0,0,0,0,0,0,1,0,0,0,0,0,0,0,1,0,0,0,0,0,0,0,0,0,0,0,0,0,0,0,0,0,0,0,0,0,0,0
447,TCA,0,0,0,0,1,0,0,0,0,1,0,0,0,0,0,0,0,1,0,0,2,0,0,0,0,0,0,0,0,0,0,0,0,0,0,0,0,1,1,0,0,0,0,0,0,0,0,0,0,0,0,0,21861,0,4,0,0,0,0,0,5,0,0,0
448,AAT,2,0,0,21902,2,0,0,0,2,0,0,1,1,0,1,5,0,0,0,0,0,0,0,0,1,0,0,1,1,0,2,0,0,0,0,0,0,0,0,0,0,0,0,1,0,0,0,1,0,1,0,0,0,0,0,0,0,0,0,0,1,0,0,0
449,ATT,0,0,0,0,0,0,0,0,0,0,0,0,1,1,0,20959,0,0,0,0,0,0,0,0,0,0,0,0,0,0,0,0,0,0,0,0,0,0,0,0,0,0,0,0,0,0,0,0,0,0,0,0,0,0,0,0,0,0,0,0,0,0,0,0
450,ACA,0,0,0,0,21861,0,15,3,0,0,0,0,10,0,0,0,0,0,0,0,0,0,0,0,0,0,0,0,0,0,0,0,0,0,0,0,3,0,0,0,0,0,0,0,0,0,0,0,0,0,0,0,1,0,0,0,0,0,0,0,0,0,0,0
451,GGA,0,0,0,0,0,0,0,0,4,0,0,0,0,0,0,0,1,0,0,0,0,0,0,0,0,0,0,0,0,0,0,0,3,0,0,0,0,0,0,0,21872,1,1,1,2,0,0,0,0,0,0,0,0,0,0,0,3,0,0,0,0,0,0,0
452,CTA,0,0,0,0,0,0,0,0,0,0,0,0,2,1,0,1,0,0,0,0,1,0,0,0,0,0,0,0,21440,0,4,1,0,0,0,0,0,1,0,0,0,0,0,0,2,1,0,0,0,0,0,0,0,1,0,0,0,0,0,0,0,0,0,0
453,ATA,0,0,0,0,0,0,0,0,0,0,0,0,21714,1,3,2,0,0,0,1,0,0,0,0,0,0,0,0,0,1,0,0,0,0,0,0,0,0,0,0,0,0,0,0,0,0,0,2,0,0,0,1,0,0,0,0,0,0,0,0,0,0,0,0
454,TTA,0,0,0,0,0,0,0,0,0,0,0,0,1,0,0,0,0,0,0,0,0,0,0,0,0,0,0,0,1,0,0,0,0,0,0,0,0,0,0,0,0,0,0,0,0,3,0,0,0,0,0,0,0,0,0,0,0,0,0,0,21837,1,3,0
455,ACA,0,0,0,0,21507,0,3,0,0,0,0,0,2,0,0,0,0,0,0,0,0,0,0,0,0,0,0,0,0,0,0,0,0,0,0,0,3,0,0,0,0,0,0,0,0,0,1,0,0,0,0,0,0,1,0,1,0,0,0,0,0,0,0,0
456,AGA,3,0,0,0,0,0,0,0,21910,2,4,0,0,0,0,0,0,0,0,0,0,0,0,0,0,0,0,0,0,0,0,0,0,0,0,0,0,0,0,0,1,0,0,0,0,0,0,0,0,0,0,0,0,0,0,0,0,0,0,0,0,0,0,0
457,GAT,0,0,0,1,0,0,0,0,0,0,0,0,0,0,0,0,0,0,1,0,0,0,0,0,0,0,0,0,0,0,0,0,3,1,0,20129,0,0,0,0,0,0,0,1,0,0,0,0,0,0,0,0,0,0,0,0,0,0,0,0,0,0,0,0
458,GGT,0,0,0,0,0,0,0,0,0,0,0,0,0,0,0,0,0,0,0,0,0,0,0,0,0,0,0,0,0,0,0,0,0,0,0,2,1,0,0,0,1,2,0,21064,0,0,0,0,0,0,0,0,0,2,0,0,0,0,0,0,0,0,0,0
459,GGG,0,0,0,0,0,0,0,0,0,0,4,0,0,0,1,0,1,0,0,0,0,0,0,0,0,0,0,0,0,0,0,0,1,0,9,0,0,0,0,1,5,1,20822,3,0,0,0,0,0,0,0,0,0,0,0,0,0,0,2,0,0,0,0,0
460,AGT,1,1,0,12,1,0,0,0,2,3,1,21705,1,0,0,0,0,1,0,0,0,1,0,0,0,0,0,1,0,0,0,0,0,0,0,0,0,0,1,1,0,0,1,6,0,0,0,0,0,0,0,0,0,0,0,0,0,1,1,4,0,0,0,0
461,AAT,2,2,0,21817,0,0,1,0,0,0,0,1,0,0,0,0,1,0,0,1,6,1,3,0,0,1,1,0,1,0,0,0,0,0,1,1,0,1,1,0,0,1,5,1,1,0,0,0,0,0,0,1,1,0,0,0,0,0,0,0,0,0,0,0
462,AAG,2,1,21859,7,1,1,1,0,0,0,2,0,0,1,2,0,0,1,1,0,2,2,2,0,0,2,0,2,0,2,0,0,0,0,8,0,0,0,1,0,0,0,4,0,0,0,1,0,0,0,0,0,0,1,0,1,0,0,0,0,0,1,0,2
463,AAT,1,4,3,21879,0,1,0,1,0,2,0,2,0,1,2,0,0,2,0,0,3,1,0,1,0,1,1,0,0,0,0,0,0,0,0,0,0,2,0,0,0,0,0,0,1,0,1,0,0,0,0,1,1,3,0,0,0,2,0,1,0,0,0,1
464,ACA,5,2,3,0,21368,3,11,2,0,1,3,0,2,0,1,0,7,2,0,0,0,0,0,0,0,0,1,0,1,5,1,0,0,1,0,0,2,0,0,1,1,2,1,2,0,1,1,2,0,0,0,1,1,1,0,0,0,0,2,3,0,0,0,1
465,AGT,0,0,1,7,1,0,1,1,2,4,1,21840,3,0,0,0,1,1,1,0,0,0,0,0,0,2,0,1,3,0,0,0,1,0,0,0,0,0,0,0,0,0,0,2,1,0,0,0,0,1,0,0,0,0,0,0,0,0,0,2,3,0,0,0
466,GAA,0,0,0,0,0,0,0,3,0,0,0,0,0,0,0,0,0,0,0,0,1,0,0,0,0,0,0,0,0,0,0,0,21924,0,2,0,0,0,0,0,1,0,0,0,0,0,0,0,0,0,0,1,0,0,0,0,0,0,0,0,0,0,0,0
467,ACC,2,8,1,0,1,20126,1,6,0,0,0,1,0,3,0,2,0,0,0,0,0,0,0,0,0,0,0,0,2,0,0,0,0,0,0,0,0,1,0,0,0,1,0,0,4,1,1,0,0,0,0,0,1,0,0,0,0,3,0,1,1,2,0,0
468,TTC,0,0,0,0,0,0,0,0,0,0,0,0,0,1,0,0,0,0,0,0,0,0,0,1,0,0,0,0,0,2,0,0,0,0,0,0,0,0,0,0,0,0,0,0,2,0,0,0,0,0,0,0,0,6,0,0,0,0,0,0,4,21180,0,3
469,AGA,4,0,0,0,0,0,0,0,21873,1,7,0,0,0,0,0,0,1,0,0,0,0,0,0,0,0,0,0,0,0,0,0,0,0,0,0,0,0,0,0,9,0,0,0,0,0,0,0,0,0,0,0,0,0,0,0,0,0,0,0,0,0,0,0
470,CCT,0,0,0,0,0,0,0,2,0,0,0,0,0,0,0,0,0,0,0,0,0,12,1,21657,0,0,0,0,0,0,0,2,0,0,0,0,0,0,0,0,0,0,0,0,0,0,0,0,0,0,0,0,0,0,0,1,0,0,0,0,0,0,0,0
471,GGA,0,1,0,1,1,0,0,0,3,1,0,0,0,0,0,0,1,0,0,0,0,0,0,0,0,0,0,0,0,1,0,1,1,0,0,0,0,0,0,0,21771,1,6,2,3,2,0,0,0,0,0,1,3,0,0,1,0,0,0,1,0,0,0,0
472,GGA,0,0,0,0,0,0,0,0,2,0,0,0,0,0,0,0,0,0,0,0,0,0,0,0,0,0,0,0,0,0,0,0,1,0,0,0,0,0,0,0,21917,2,6,1,4,0,0,0,0,0,0,0,0,0,0,0,0,0,0,0,0,0,0,0
473,GGA,0,0,0,0,0,0,0,0,4,0,0,0,0,0,0,0,0,0,0,0,0,0,0,0,0,0,0,0,0,0,0,0,0,0,0,0,0,0,0,0,21894,1,8,1,0,0,0,0,0,0,1,0,0,0,0,0,0,0,0,0,0,0,0,0
474,GAT,0,0,0,7,0,0,0,0,0,0,0,0,0,0,0,0,0,2,1,0,0,0,0,0,0,0,0,0,0,0,0,0,1,3,1,21926,0,0,0,0,0,0,0,3,0,0,0,0,0,0,0,0,0,0,0,1,0,0,0,0,0,0,0,0
475,ATG,0,0,0,0,2,0,0,1,0,0,0,0,4,1,21858,4,3,0,0,1,0,0,1,0,0,0,0,0,0,0,2,1,0,1,0,0,0,0,1,0,0,0,0,0,1,1,1,1,0,1,0,0,1,0,1,0,0,0,0,0,2,0,4,0
476,AGG,2,0,4,0,0,0,3,0,12,0,21744,2,0,1,5,0,2,0,0,0,0,1,0,0,0,2,2,1,1,0,0,0,1,0,0,0,0,2,0,0,0,0,8,0,0,0,1,0,0,0,0,0,1,0,0,0,0,1,1,0,0,0,1,0
477,GAC,0,4,0,0,1,0,0,0,0,0,0,0,0,0,0,0,0,0,0,0,0,0,1,0,0,0,0,0,0,0,0,0,2,21792,0,4,0,0,0,0,0,2,0,0,0,0,0,0,0,1,0,0,0,0,0,0,0,0,0,0,0,0,0,0
478,AAT,1,1,0,20319,0,2,2,3,1,0,1,1,2,0,0,1,0,0,0,0,0,0,0,0,0,0,0,0,1,0,2,1,1,0,0,20,0,0,1,0,0,0,0,0,1,0,1,0,0,1,0,0,0,1,0,0,0,0,0,0,3,0,1,0
479,TGG,0,0,0,1,0,0,0,0,0,0,0,0,0,0,1,4,0,0,0,0,0,0,0,0,0,0,0,0,1,1,0,0,0,0,0,0,0,0,0,0,0,0,0,0,0,0,3,0,0,1,3,0,0,0,0,0,3,0,21774,4,0,1,2,3
480,AGA,3,0,0,0,1,0,0,0,21912,0,2,0,0,0,0,0,0,0,0,0,0,0,0,0,0,0,0,0,0,0,0,0,0,0,0,0,0,0,1,1,6,0,0,0,0,0,0,0,0,0,0,0,0,0,0,0,0,0,0,0,0,0,0,0
481,AGT,0,0,0,7,0,0,1,0,0,3,0,45680,0,0,0,0,1,0,0,0,0,0,0,0,0,0,0,0,0,0,2,0,0,1,0,0,0,0,1,0,2,0,0,3,0,1,0,0,0,0,0,0,0,1,3,0,0,0,0,2,0,0,0,0
482,GAA,7,0,0,0,0,0,0,0,0,0,0,0,0,0,0,0,1,0,0,0,0,0,0,0,0,0,0,0,0,0,0,0,45712,0,2,1,0,0,0,0,0,0,0,0,2,0,0,0,0,0,0,0,0,0,0,0,0,0,0,0,0,0,0,0
483,TTA,1,0,0,0,0,0,0,0,0,0,0,0,2,0,1,0,0,0,0,0,0,0,0,0,0,0,0,0,0,3,0,0,0,0,0,0,0,0,0,0,0,0,0,0,1,0,0,0,0,0,0,0,4,0,0,0,0,0,0,0,45716,0,1,0
484,TAT,0,0,0,1,0,0,0,0,0,1,0,0,0,0,0,0,0,0,0,0,0,0,0,0,0,0,0,0,1,0,0,0,0,0,0,0,1,0,0,0,0,0,0,0,0,0,0,0,7,7,3,45684,0,0,0,0,1,3,0,2,1,1,0,0
485,AAG,16,3,45648,3,0,3,2,0,0,2,4,0,0,0,2,0,0,0,3,0,4,0,3,1,0,3,2,0,0,0,0,0,0,0,7,0,1,1,2,2,0,3,1,0,0,2,0,0,0,0,1,0,0,0,0,0,0,1,2,1,0,0,0,0
486,TAT,0,0,0,0,0,0,0,0,0,0,0,0,0,0,0,0,0,0,0,5,0,0,0,0,0,0,0,0,0,0,0,0,0,0,0,0,0,0,0,0,0,0,0,0,0,0,0,0,0,1,0,45720,0,0,0,0,0,0,0,0,0,0,0,0
487,AAA,43942,0,7,0,1,0,0,0,3,0,0,0,2,0,0,0,11,0,0,0,0,0,2,0,0,1,0,0,0,0,0,0,3,0,0,0,0,0,0,0,0,0,0,0,0,0,0,0,0,0,0,0,0,0,0,0,0,0,0,0,0,0,0,0
488,GTA,0,0,0,0,0,1,0,0,0,0,0,0,5,0,0,1,0,0,1,0,1,0,0,0,0,0,0,0,0,1,0,0,0,0,0,0,0,0,0,0,0,0,0,0,45609,3,8,0,0,0,0,0,0,0,0,0,0,0,0,0,3,0,0,0
489,GTA,0,0,0,0,0,0,0,0,0,0,0,0,7,0,0,0,0,0,0,0,0,0,0,0,0,0,0,0,0,0,0,0,6,0,0,0,2,0,0,0,0,0,0,0,45543,1,4,6,0,0,0,0,0,0,0,0,0,0,0,0,0,0,0,0
490,AAA,45646,0,6,0,0,1,0,0,4,1,0,3,6,2,0,0,3,0,0,0,0,0,0,0,1,2,1,1,1,2,3,1,1,0,0,0,2,1,2,0,0,0,0,0,0,0,1,2,0,0,0,0,1,0,3,0,0,0,0,0,1,0,0,0
491,ATT,0,0,0,2,0,0,1,0,0,0,0,0,3,5,54,43109,0,0,0,0,0,0,0,0,0,0,0,0,0,1,3,2,0,0,0,0,0,0,0,0,0,0,0,0,1,1,0,2,0,0,0,1,0,0,0,0,0,0,0,0,1,0,0,2
492,GAA,12,0,0,0,2,1,0,0,0,0,0,0,0,1,2,0,2,0,1,0,0,0,0,0,0,0,0,1,0,1,0,3,45522,0,15,1,0,5,0,0,6,0,0,0,3,0,0,1,0,0,0,0,0,4,0,1,0,0,0,0,4,0,2,0
493,CCA,0,0,0,0,2,0,0,0,0,0,0,0,0,0,0,0,3,0,0,0,45677,1,1,3,0,0,0,0,7,0,0,0,0,0,0,0,1,0,0,0,0,0,0,0,0,0,0,0,0,1,0,0,5,0,0,0,0,0,0,0,0,0,0,0
494,ATA,0,0,0,0,0,0,0,0,0,0,0,0,23735,0,9,1,0,0,0,0,0,0,0,0,0,0,0,0,0,0,2,0,0,0,0,0,0,0,0,0,0,0,0,0,0,0,0,0,0,0,0,0,0,0,0,0,0,0,0,0,0,0,0,0
495,GGA,0,0,0,0,0,0,0,0,6,0,0,0,0,0,0,0,0,0,0,0,0,0,0,0,0,0,0,0,0,0,0,0,1,0,0,0,1,0,0,0,23803,3,4,2,0,0,0,0,1,0,0,0,0,0,0,0,1,0,0,0,0,0,0,0
496,GTA,0,0,0,1,1,0,0,0,0,0,0,0,7,3,0,0,0,0,0,0,0,0,0,0,0,0,0,0,0,0,0,0,0,0,0,0,1,0,0,0,0,0,0,0,23779,0,16,1,0,0,0,0,0,0,0,0,1,0,0,0,2,1,0,0
497,GCA,0,0,0,0,11,0,0,0,1,1,0,0,0,0,0,0,0,0,0,0,4,0,0,0,0,0,0,0,0,0,0,0,3,0,0,0,23744,1,4,0,0,0,0,0,26,0,0,1,0,0,0,0,0,0,0,0,0,0,0,0,0,0,0,0
498,CCC,0,0,0,0,0,0,0,0,0,0,0,0,0,0,0,0,0,2,0,0,3,23751,0,5,0,0,0,0,0,1,0,0,0,0,0,0,0,0,0,0,0,0,0,0,0,0,0,0,0,0,0,0,0,5,0,0,0,0,0,0,0,0,0,0
499,ACC,0,0,0,0,1,23682,0,3,0,1,0,0,0,1,0,0,0,0,0,0,0,0,0,0,0,0,0,0,0,0,0,0,0,0,0,0,0,0,0,0,1,0,0,0,0,0,0,0,1,0,1,0,0,0,0,0,0,0,0,0,0,0,0,2
500,AGG,1,0,8,0,0,0,0,0,8,3,23697,0,0,0,2,0,2,1,0,0,1,0,0,0,0,0,3,0,2,1,0,0,0,0,0,0,0,1,0,0,0,0,7,0,0,0,1,0,0,0,0,0,0,2,0,0,0,0,0,1,2,0,0,0
501,GCA,0,0,0,0,27,0,0,0,0,0,0,0,0,0,0,0,0,0,0,0,0,0,0,0,0,0,0,0,0,0,0,0,3,0,0,0,23673,1,0,0,0,0,0,1,5,0,0,0,0,0,0,0,1,0,2,0,0,0,0,0,0,0,0,0
502,AAA,23778,0,6,0,0,0,0,0,1,0,1,0,0,0,1,0,0,0,1,0,0,0,0,0,0,0,0,0,0,0,0,0,1,0,0,0,0,0,0,0,0,0,0,0,0,0,0,0,0,0,0,0,0,0,0,0,0,0,0,0,0,0,0,0
503,AGA,5,0,0,0,0,0,0,0,23182,0,3,0,3,1,0,0,0,0,0,0,0,0,0,0,1,1,0,0,0,0,0,0,0,0,0,0,0,0,0,0,9,0,0,0,0,0,0,0,0,0,0,0,0,0,0,0,0,0,0,0,0,0,0,0
504,AGA,6,0,0,0,0,0,0,0,23796,0,3,0,0,0,1,1,0,0,0,0,0,0,0,0,3,1,0,2,0,0,0,0,0,0,0,0,0,0,1,0,2,0,0,0,0,0,0,0,0,1,0,0,0,0,0,0,0,0,0,0,0,0,2,0
505,GTG,0,0,0,0,0,0,0,0,0,0,0,0,0,0,1,0,0,1,0,0,0,0,0,0,0,0,0,0,0,0,0,0,0,0,0,0,0,0,0,0,0,0,0,0,2,0,23794,0,0,0,0,0,0,0,0,0,0,1,0,0,0,0,1,0
506,GTG,0,0,0,0,0,0,0,0,0,0,0,0,0,0,4,0,0,0,0,0,0,0,0,1,0,0,0,0,0,0,0,0,0,0,0,0,0,0,0,0,0,0,0,0,5,0,22753,2,0,0,0,0,0,0,0,0,0,0,1,0,0,0,0,0
507,GAG,0,0,8,0,0,0,2,0,0,0,0,0,0,0,1,0,0,0,0,0,0,0,0,0,0,0,0,0,0,0,0,0,1,1,20183,0,0,0,0,0,0,0,6,0,0,0,1,0,0,0,1,0,0,0,0,0,0,0,1,0,0,0,0,0
508,AGA,4,0,0,0,0,0,0,0,22572,0,9,0,0,0,0,0,0,0,0,0,0,0,0,0,2,0,0,2,0,0,0,0,0,0,0,0,0,0,0,1,1,0,0,0,0,0,0,0,0,0,0,0,0,0,0,0,0,0,0,0,0,0,0,0
509,GAA,6,2,0,0,1,1,0,0,0,0,0,0,0,0,0,0,3,0,0,0,0,0,1,1,0,0,1,0,0,0,1,0,22616,0,1,0,4,1,0,0,0,0,1,0,1,0,1,0,1,0,0,1,0,0,0,0,0,0,1,0,0,0,0,0
510,AAA,23783,0,4,0,0,2,1,0,0,0,1,0,0,0,0,0,0,0,1,0,0,3,0,0,0,1,0,0,0,0,0,0,1,0,0,0,0,0,0,0,0,0,0,0,0,0,0,0,0,0,0,0,0,0,0,0,0,0,0,0,0,0,0,0
511,AGA,2,0,0,0,0,0,0,0,22855,0,1,0,0,0,0,0,0,0,0,0,0,0,0,0,0,1,0,0,0,0,0,0,0,0,0,0,0,0,0,0,40,0,0,0,0,0,0,0,0,0,0,0,0,0,0,0,0,0,0,0,0,0,0,0
512,GCA,0,0,0,0,5,0,0,0,0,1,0,0,0,0,0,0,0,0,0,0,0,0,0,0,0,0,0,0,0,0,0,0,1,0,0,0,23752,2,1,0,1,0,1,1,17,0,0,0,0,0,0,0,0,0,0,0,0,0,0,0,0,0,0,0
513,GTT,0,0,0,0,0,3,1,0,0,0,0,0,0,0,0,2,0,0,0,0,1,1,0,1,0,0,0,0,0,0,0,0,0,0,0,0,1,0,2,2,0,1,2,0,1,1,2,23801,0,0,0,1,1,0,0,0,0,0,0,0,0,0,0,1
514,GGA,0,0,0,0,0,0,0,0,2,0,0,0,0,0,0,0,1,0,0,0,2,1,0,0,0,0,0,0,0,0,0,0,1,0,0,0,2,0,0,0,23801,0,3,0,1,0,0,0,0,0,0,0,0,1,1,0,1,0,0,0,0,0,0,0
515,ATA,0,0,0,0,1,0,0,0,0,0,0,0,23791,0,11,2,0,0,0,0,0,0,0,0,0,0,0,0,0,0,2,0,0,0,0,0,0,0,0,0,0,0,0,0,0,1,0,0,0,0,0,0,0,0,0,0,0,0,1,0,0,0,0,0
516,GGA,0,0,0,0,0,0,0,0,6,0,0,0,0,0,0,0,0,0,0,0,0,0,0,0,0,0,0,0,0,0,0,0,4,0,0,0,1,0,0,0,23794,0,4,1,0,0,0,0,0,0,0,0,0,0,0,0,1,0,0,0,0,0,0,0
517,GCT,0,0,0,0,0,0,0,4,0,0,0,0,0,0,0,0,0,0,0,0,0,0,0,1,0,0,0,0,0,0,0,0,0,0,0,0,0,5,1,23174,0,0,0,0,0,0,0,6,0,0,0,0,0,0,0,1,0,0,0,0,0,0,0,0
518,GTC,0,0,0,0,0,0,0,0,0,0,0,0,0,11,0,0,0,0,0,0,0,0,0,0,0,0,0,0,0,0,0,0,0,0,2,0,1,8,0,0,0,0,2,2,1,23783,3,6,0,0,0,0,0,0,0,0,0,0,0,0,0,0,0,0
519,TTC,0,0,0,0,0,0,0,0,0,0,0,0,2,4,0,0,0,0,0,0,0,0,0,0,0,0,0,0,2,5,1,0,0,0,0,0,0,0,0,0,0,0,0,0,1,2,0,0,0,0,0,0,0,1,0,0,0,0,0,0,0,23788,4,4
520,ATT,0,0,0,0,0,1,0,1,0,0,0,0,0,0,0,23779,0,0,0,0,0,0,0,0,0,0,0,0,2,3,2,1,0,0,0,0,0,0,0,1,0,0,0,0,0,2,0,0,0,0,0,0,0,0,0,0,0,0,0,0,1,2,4,1
521,GGG,0,0,0,0,0,0,0,0,0,0,6,0,0,0,0,0,0,0,0,0,0,0,0,0,0,0,0,0,0,0,0,0,0,0,1,0,0,0,0,0,6,1,23682,1,0,0,1,0,0,0,0,0,0,0,0,0,0,0,2,0,0,0,0,0
522,TTC,0,0,0,0,0,0,0,0,0,0,0,0,0,0,0,0,0,0,0,0,0,0,0,0,0,0,0,0,0,0,0,0,0,0,0,0,0,0,0,0,0,0,0,0,0,0,0,0,0,0,0,0,0,1,0,0,0,0,0,0,0,22949,0,3
523,TTA,0,0,0,0,0,0,0,0,0,0,0,0,0,0,0,0,0,0,0,0,0,0,0,0,0,0,0,0,6,1,0,0,0,0,0,0,0,0,0,0,0,0,0,0,1,0,0,0,0,0,0,0,0,0,0,0,0,0,0,0,23787,1,17,0
524,GGA,0,0,0,0,0,1,0,0,2,3,0,0,0,0,0,0,0,1,0,1,0,0,0,0,0,0,0,0,0,0,0,0,1,0,0,0,0,2,0,2,23779,0,2,1,0,0,0,0,1,0,0,1,0,0,0,0,3,0,0,0,0,0,0,0
525,GCA,0,0,0,0,14,0,0,0,0,0,0,0,0,0,0,0,0,0,0,0,0,0,0,0,0,0,0,0,0,0,0,0,0,0,0,0,22982,1,1,0,0,0,0,0,12,0,0,0,0,0,0,0,0,0,0,1,0,0,0,0,0,0,0,0
526,GCA,0,0,0,0,17,0,0,0,0,0,0,0,0,0,0,0,0,0,0,0,0,0,0,0,0,0,0,0,0,0,0,0,1,0,0,0,23635,1,12,0,0,0,0,0,9,0,0,0,0,0,0,0,0,0,0,0,0,0,0,0,0,0,0,0
527,GGA,0,0,0,0,0,0,0,0,3,0,0,0,0,0,0,0,0,0,0,0,0,0,0,0,0,0,0,0,0,0,0,0,3,0,0,0,0,0,0,0,22355,0,0,0,2,0,0,0,0,0,0,0,0,0,0,0,0,0,0,0,0,0,0,0
528,AGC,0,9,0,0,0,0,0,0,0,23478,0,14,0,0,0,0,0,0,0,0,0,0,0,0,0,0,0,0,0,0,0,0,0,0,0,0,0,0,0,0,0,2,0,0,0,0,0,0,0,0,0,0,0,0,0,0,0,1,0,0,1,0,0,0
529,ACT,0,0,0,0,1,10,4,23552,0,0,0,0,0,0,0,2,0,0,0,0,0,0,0,0,0,0,0,0,0,0,0,0,0,0,0,0,0,0,0,1,0,0,0,0,0,0,0,0,0,0,0,0,0,0,0,0,0,0,0,0,0,0,0,0
530,ATG,0,0,0,0,0,0,2,0,0,0,0,0,0,0,23802,1,0,0,0,0,0,0,0,0,0,0,0,0,0,0,0,0,0,0,0,0,0,0,0,0,0,0,0,0,0,0,1,0,0,0,0,0,0,0,0,0,0,0,0,0,0,0,0,0
531,GGC,0,0,0,0,0,0,0,0,0,7,0,0,0,0,0,0,0,0,0,0,0,0,0,0,0,0,0,0,0,0,0,0,0,2,0,0,0,0,0,0,0,22261,0,5,0,0,0,0,0,0,0,0,0,0,0,0,0,0,0,0,0,0,0,0
532,GCG,0,0,0,0,0,0,2,0,0,0,0,0,0,0,0,0,0,0,0,0,0,0,0,0,0,0,0,0,0,0,0,0,0,0,0,0,11,0,21751,0,0,0,0,0,0,0,4,0,0,0,0,0,0,0,2,0,0,0,0,0,0,0,0,0
533,GCG,0,0,0,0,0,0,6,0,0,0,0,0,0,0,0,0,0,0,0,0,0,0,0,0,0,0,0,0,0,0,0,0,0,0,0,0,19,0,21371,3,0,0,0,0,0,0,8,0,0,0,0,0,0,0,0,0,0,0,0,0,0,0,0,0
534,TCA,0,0,0,0,5,0,1,0,0,0,0,0,0,0,0,0,0,0,0,0,5,0,0,1,0,0,0,0,0,0,0,0,0,0,0,0,1,0,0,1,0,0,0,0,2,0,0,0,1,0,0,0,23153,3,14,0,0,1,0,0,3,0,0,0
535,GTA,0,0,0,0,0,0,1,0,0,0,0,0,13,0,3,0,0,0,0,0,0,0,0,0,0,0,0,0,1,1,0,0,0,0,0,0,5,0,0,0,0,0,0,0,23598,0,5,0,0,0,0,2,0,0,0,0,0,0,1,0,8,0,0,1
536,ACG,0,0,1,0,8,0,21776,0,0,0,0,0,0,0,5,0,0,0,0,0,0,0,0,0,0,0,0,0,0,0,0,0,0,0,0,0,0,0,4,0,0,0,0,0,0,0,0,0,0,0,0,0,0,0,1,0,0,0,0,0,0,0,0,0
537,CTG,0,0,0,0,0,0,0,0,0,0,0,0,0,0,1,0,0,0,0,0,0,0,3,0,0,0,0,0,4,0,22641,0,0,0,0,0,0,0,0,0,0,0,0,0,0,0,0,0,0,0,0,0,0,0,0,0,0,0,0,0,0,0,5,0
538,ACG,0,0,0,0,4,0,22354,1,0,0,1,0,0,0,15,0,0,0,0,0,0,0,0,0,0,0,0,0,0,0,0,0,0,0,0,0,0,0,0,0,0,0,0,0,0,0,0,0,0,0,0,0,0,0,2,0,0,0,0,0,0,0,0,0
539,GTA,0,0,0,0,0,0,0,0,0,0,0,0,8,0,0,0,0,0,0,0,0,0,0,0,0,0,0,0,0,0,0,0,1,0,0,0,6,0,0,0,0,0,0,0,18201,0,3,1,0,0,0,0,0,0,0,0,0,0,0,0,0,0,0,0
540,CAG,0,0,1,0,0,0,0,0,0,0,0,0,0,0,0,0,5,0,22999,0,0,0,1,0,0,0,5,0,0,1,1,0,0,0,0,0,0,0,0,0,0,0,0,0,0,0,0,0,0,0,9,0,0,0,0,0,0,0,0,0,0,0,0,0
541,GCC,0,0,0,0,0,1,0,0,0,0,0,0,0,0,0,0,0,0,0,0,0,0,0,0,0,0,0,0,0,0,0,0,0,1,0,0,1,23000,0,3,0,0,0,0,0,21,0,0,0,0,0,0,0,0,0,0,0,0,0,0,0,0,0,0
542,AGA,4,0,0,0,1,0,0,0,20337,0,3,0,0,0,0,0,0,0,0,0,0,0,0,0,0,0,0,0,0,0,0,0,0,0,0,0,0,0,0,0,0,0,0,0,0,0,0,0,0,0,0,0,0,0,0,0,0,0,0,0,0,0,0,0
543,CAA,2,0,0,0,1,0,0,0,0,0,0,0,0,0,0,0,20689,0,3,0,0,0,0,0,0,0,0,0,0,0,0,0,0,0,0,0,0,0,0,0,0,0,2,0,0,0,0,0,2,0,0,0,0,0,0,0,0,0,0,0,0,0,0,0
544,TTA,0,0,0,0,0,0,0,0,0,0,0,1,0,0,0,0,0,0,0,0,0,0,0,0,0,0,0,0,2,0,0,1,0,0,0,0,0,0,0,0,0,0,0,0,1,0,0,0,1,2,0,0,0,0,0,0,0,0,0,0,22934,0,0,0
545,TTG,0,0,0,0,0,0,0,0,0,0,0,0,0,0,0,0,0,0,0,0,0,0,0,0,0,0,0,0,0,0,0,0,0,0,0,0,0,0,0,0,0,0,0,0,0,0,1,0,0,0,0,1,0,0,0,0,0,0,0,0,4,0,22691,0
546,TCT,0,0,0,0,0,0,0,0,0,0,0,0,0,0,0,0,0,0,0,0,0,0,0,2,0,0,0,0,0,0,0,0,0,0,0,0,0,0,0,0,0,0,0,0,0,0,0,0,0,0,0,0,0,3,0,22727,0,0,0,0,0,0,0,5
547,GGT,0,0,0,0,0,0,0,0,0,0,0,6,0,0,0,0,0,0,0,0,0,0,0,0,0,0,0,0,0,0,0,0,0,0,0,4,0,0,0,0,0,0,0,23662,0,0,0,0,0,0,0,0,0,0,0,0,0,0,0,0,0,0,0,0
548,ATA,0,0,0,0,4,0,0,0,0,0,0,0,23787,0,5,1,0,0,0,0,0,0,0,0,0,0,0,0,0,0,0,0,0,0,0,0,0,0,0,0,0,0,0,0,2,0,0,0,0,0,0,0,0,0,0,0,0,0,1,0,0,0,0,0
549,GTG,0,0,0,0,0,0,0,0,0,0,0,0,0,0,2,0,0,0,0,0,0,0,0,0,0,0,0,0,0,0,0,0,0,0,1,0,0,0,2,0,0,0,1,0,14,0,23683,1,0,0,0,0,0,0,0,0,0,0,0,0,0,0,0,0
550,CAA,1,0,0,0,0,0,0,0,0,0,0,0,0,0,0,0,23709,0,8,0,0,0,0,0,0,0,0,0,0,0,0,0,0,0,0,0,0,0,0,0,0,0,0,0,0,0,0,0,7,0,0,0,0,0,0,0,0,0,0,0,0,0,0,0
551,CAG,0,0,1,0,1,0,0,0,0,0,0,0,0,0,0,0,15,0,23730,0,0,0,0,0,0,0,1,0,0,0,0,0,0,0,0,0,0,0,0,0,0,0,0,0,0,0,0,0,0,0,3,0,0,0,0,1,0,0,1,0,0,0,0,0
552,CAA,0,0,0,0,0,0,0,0,0,0,0,0,0,0,0,0,23736,2,2,0,0,0,0,0,3,0,0,0,0,0,0,0,1,0,0,0,0,0,0,0,0,0,0,0,0,0,0,0,3,0,0,0,0,0,0,0,0,0,0,0,0,0,0,0
553,AGC,1,7,0,0,0,0,0,0,1,23727,0,7,0,1,0,0,2,0,0,0,0,0,0,0,0,1,0,0,0,0,0,0,0,0,0,0,0,0,0,0,1,6,0,0,4,0,0,1,0,0,0,0,0,0,0,0,0,0,0,0,0,0,0,0
554,AAT,0,1,0,23778,0,0,0,0,0,1,0,0,0,0,0,2,0,0,1,0,0,0,0,0,0,0,0,0,0,0,0,0,0,0,0,1,0,0,0,0,0,0,0,0,0,0,0,1,0,0,0,0,0,0,0,0,0,0,0,0,0,0,0,0
555,TTG,0,0,0,0,0,0,0,0,0,0,0,0,0,0,1,0,0,0,0,0,0,0,0,0,0,0,0,0,0,0,0,0,0,0,0,0,0,0,0,0,0,0,0,0,0,0,0,0,0,0,0,0,0,0,0,0,0,0,1,0,6,0,23654,0
556,CTG,0,0,0,0,0,0,0,0,0,0,0,0,0,0,0,0,0,0,0,0,0,0,4,0,0,0,0,1,5,0,23336,0,0,0,0,0,0,0,0,0,0,0,0,0,0,0,0,0,0,0,0,0,0,0,0,0,0,0,0,0,0,0,13,0
557,AGG,0,1,8,0,0,0,1,0,1,0,23773,1,0,0,2,0,1,0,0,1,0,0,0,0,0,0,2,0,1,0,0,0,0,0,0,0,0,1,0,0,0,0,4,0,0,0,0,0,0,0,0,1,1,0,0,0,0,0,0,0,0,0,0,0
558,GCT,0,0,0,0,0,1,0,17,0,0,0,0,0,0,0,1,0,0,0,0,0,0,0,0,0,0,0,0,0,0,0,0,0,0,0,2,3,6,0,23729,0,0,0,1,0,0,1,7,0,0,0,0,0,0,0,0,0,0,0,0,0,0,0,0
559,ATA,0,0,0,0,1,0,1,0,0,0,0,0,23756,1,16,2,0,0,0,0,0,0,0,0,0,0,0,0,2,2,0,0,0,0,0,0,0,0,0,0,0,0,0,0,0,1,0,0,0,0,0,0,0,0,0,0,0,0,0,0,1,0,0,0
560,GAG,0,1,3,0,0,0,2,0,1,0,0,0,0,0,0,0,0,0,0,0,0,0,0,0,0,0,0,0,0,0,1,0,5,0,23729,0,0,0,0,0,0,0,9,0,0,0,3,0,0,0,2,1,0,0,1,0,0,0,0,0,0,0,0,0
561,GCT,0,0,0,0,0,0,0,20,0,0,0,1,0,0,0,0,0,0,0,0,0,0,0,0,0,0,0,0,0,0,0,0,0,0,0,2,0,3,0,23639,0,0,0,0,0,0,1,2,0,0,0,0,1,0,0,4,0,0,0,0,0,0,1,0
562,CAA,0,0,0,0,0,0,0,0,0,0,0,0,0,0,0,0,23795,0,0,0,0,0,0,0,2,0,0,0,0,0,0,0,0,0,0,0,0,0,0,0,0,0,0,0,0,0,0,0,1,0,0,0,0,0,0,0,0,0,0,0,0,0,0,0
563,CAG,0,0,2,0,0,0,0,0,0,0,1,0,0,0,0,0,22,1,23735,1,0,0,0,0,0,0,3,0,0,0,1,0,0,0,1,0,0,0,0,0,0,1,1,1,0,0,0,0,0,0,4,0,0,0,0,0,0,0,0,0,0,0,0,0
564,CAT,0,0,0,7,0,0,2,0,0,0,0,0,0,1,0,0,3,1,1,23735,0,0,0,0,0,0,0,1,2,0,1,0,0,0,2,0,0,0,0,0,0,4,0,0,1,0,0,0,0,0,0,8,0,0,0,0,0,0,0,0,0,0,0,0
565,CTG,0,0,0,0,0,0,1,0,0,0,0,0,0,0,3,0,0,0,0,0,0,0,3,0,0,0,0,0,8,0,23759,0,0,0,0,0,0,0,0,0,0,0,0,0,3,3,1,1,0,1,1,0,0,0,0,0,0,1,0,0,0,0,4,0
566,TTG,0,0,0,0,1,0,0,0,0,0,0,0,0,0,2,0,0,0,0,2,0,0,0,0,0,0,0,0,0,0,4,0,0,0,0,0,1,0,0,0,0,0,0,0,0,0,0,1,0,0,0,1,0,0,7,0,0,0,0,0,0,0,23748,0
567,AAA,23709,0,4,0,2,1,0,2,2,1,0,1,1,0,0,0,0,0,0,0,0,0,0,0,1,0,0,0,0,0,0,0,0,1,0,0,1,0,1,2,2,3,4,9,0,0,0,0,0,0,0,0,0,1,0,0,0,0,0,0,0,0,0,0
568,CTC,0,0,0,0,0,0,0,0,0,0,0,0,0,0,0,0,0,1,0,0,0,4,0,0,0,0,0,0,2,20599,1,1,0,0,0,0,0,0,0,0,0,0,0,0,0,1,0,0,0,0,0,0,0,0,0,0,0,0,0,0,0,3,0,0
569,ACG,0,0,2,0,8,1,20979,8,0,3,0,3,0,0,19,0,1,0,0,0,0,0,0,0,0,0,0,0,0,0,0,0,0,1,0,0,0,0,5,0,4,3,7,7,0,0,0,0,0,0,0,0,2,1,3,0,0,0,0,0,0,0,0,0
570,GTC,0,0,0,0,0,0,0,1,0,0,0,0,0,4,0,0,0,0,0,0,0,0,0,0,0,0,0,0,0,1,0,0,0,0,0,0,1,2,0,0,0,0,0,0,1,22734,0,3,0,3,0,1,0,0,0,0,0,0,0,0,0,3,0,0
571,TGG,0,0,0,0,0,0,0,0,0,0,1,0,0,0,0,0,0,0,0,0,0,0,0,0,0,0,8,0,0,0,0,0,0,0,0,0,0,0,0,0,0,0,0,0,0,0,0,0,0,0,2,0,0,0,0,0,0,0,23059,1,0,0,1,0
572,GGC,0,0,0,0,0,0,0,0,0,3,0,0,0,0,0,0,0,0,0,0,0,0,0,0,0,0,0,0,0,0,0,0,0,19,0,0,0,0,0,0,1,23736,0,10,0,0,0,0,0,0,0,0,0,0,0,0,0,1,0,0,0,0,0,0
573,ATT,0,0,0,0,0,0,0,3,0,0,0,0,2,5,0,23756,0,0,0,0,0,0,0,0,0,0,0,0,1,1,1,0,0,0,1,0,0,1,0,0,0,0,0,0,0,0,0,3,0,0,0,0,0,0,1,0,0,0,0,0,0,0,0,0
574,AAA,23692,5,5,0,2,0,0,0,2,0,0,0,0,0,0,0,0,2,0,1,0,0,0,0,0,0,1,0,0,0,0,0,1,0,0,0,0,0,0,0,0,0,0,0,0,0,0,0,0,0,0,0,0,0,0,0,0,0,0,0,0,0,0,0
575,CAG,0,0,0,0,0,0,0,0,0,0,0,0,0,1,0,0,22,0,23762,1,0,1,0,0,0,0,4,0,0,0,0,0,1,0,1,0,1,0,2,1,0,1,0,0,0,0,0,0,0,0,1,1,1,0,0,0,0,0,4,0,0,0,0,0
576,CTC,0,0,0,0,0,0,0,0,0,0,0,0,0,3,0,0,0,1,0,0,0,1,0,0,0,0,0,0,2,22997,2,3,0,0,0,0,0,0,0,0,0,0,0,0,0,0,0,0,0,0,0,0,0,0,0,0,0,0,0,0,0,7,0,2
577,CAG,0,0,3,0,1,0,0,1,0,0,0,0,1,3,1,0,6,5,23743,9,0,0,0,0,0,2,11,0,3,2,4,2,0,0,1,2,0,0,0,0,0,0,0,0,0,0,1,2,0,2,1,0,0,2,2,0,0,0,1,0,0,4,0,2
578,GCA,0,0,0,0,12,0,0,0,0,0,0,0,0,0,0,0,0,0,0,0,0,0,0,0,0,0,0,0,0,0,0,0,1,0,0,0,23737,0,0,0,0,0,0,0,6,0,0,0,0,0,0,0,1,0,2,0,0,0,0,0,0,0,0,0
579,AGA,1,0,0,0,0,0,0,0,23800,0,8,0,1,0,0,0,0,0,0,0,0,0,0,0,2,0,0,0,0,0,0,0,0,0,0,0,0,0,0,0,4,0,0,0,0,0,0,0,0,0,0,0,0,0,0,0,0,0,0,0,0,0,0,0
580,GTC,0,0,0,0,0,0,0,0,0,0,0,0,0,3,0,1,0,0,0,0,0,0,0,0,0,0,0,0,0,3,0,0,0,0,0,0,0,2,0,0,0,1,0,0,1,23732,0,1,0,0,0,0,0,0,0,0,0,0,0,0,0,2,0,0
581,CTA,0,0,0,0,0,2,0,2,0,0,0,1,8,0,0,1,0,1,1,0,0,0,0,0,0,0,0,0,23766,0,8,3,0,0,0,0,2,0,0,0,0,0,0,0,0,1,0,0,0,0,0,0,0,0,0,0,0,0,0,0,4,0,1,2
582,GCT,0,0,0,0,0,0,0,2,0,0,0,0,0,0,0,0,0,0,0,0,0,0,0,0,0,0,0,0,0,0,0,0,0,0,0,0,16,1,1,22037,0,0,0,0,0,0,0,3,0,0,0,0,0,0,0,3,0,0,0,0,0,0,0,0
583,GTG,0,0,0,0,0,0,0,0,0,0,0,0,0,0,5,0,0,0,0,0,0,0,0,0,0,0,0,0,1,1,0,0,0,0,0,0,0,0,4,0,0,0,0,0,4,0,23782,3,0,0,0,0,0,0,0,0,0,0,0,0,0,0,0,0
584,GAA,3,0,0,0,0,0,0,0,0,0,0,0,0,0,0,0,0,0,0,0,0,0,0,0,0,0,0,0,0,0,0,0,23808,0,2,0,0,0,0,0,2,0,0,0,1,0,0,0,0,0,0,0,0,0,0,0,0,0,0,0,0,0,0,0
585,AGA,1,0,0,0,0,0,0,0,23786,1,0,0,1,0,0,0,0,1,0,0,0,0,0,0,1,0,0,0,0,0,0,0,0,0,0,0,0,0,1,0,4,0,1,0,0,0,0,0,0,0,0,1,0,0,0,0,0,0,1,1,0,0,0,1
586,TAC,0,1,0,0,0,0,0,0,0,0,0,0,1,0,0,0,0,1,0,0,0,0,0,0,0,0,0,0,0,0,0,0,0,0,0,0,0,0,0,0,0,0,0,0,0,0,0,0,1,23467,0,3,0,2,0,0,0,1,0,0,0,0,0,0
587,CTA,0,0,0,0,0,1,0,0,0,0,0,0,4,0,0,0,0,0,1,0,0,0,0,0,0,0,0,0,23730,0,2,0,0,0,0,0,0,0,0,0,0,0,0,0,0,0,0,0,0,0,0,0,0,0,0,0,0,1,0,0,2,0,1,0
588,AAG,3,0,23776,4,0,0,1,0,0,0,15,0,2,0,7,0,0,0,0,0,0,0,0,0,0,1,0,3,0,1,1,4,0,0,0,0,0,0,0,0,0,0,0,0,0,0,0,0,0,2,0,3,1,1,0,1,0,0,0,0,0,3,5,1
589,GAT,0,0,0,3,0,1,1,0,0,0,0,0,2,0,0,1,0,0,1,1,0,0,0,0,1,0,0,0,0,0,0,0,2,3,0,23637,0,0,0,0,0,0,0,0,0,0,0,1,0,0,0,0,0,1,0,0,0,0,1,0,0,0,1,0
590,CAA,1,0,0,0,1,0,2,1,0,1,0,1,2,2,0,0,23723,2,3,1,1,0,0,0,5,0,1,0,0,0,1,0,0,0,0,0,0,0,0,0,0,0,0,0,3,1,0,3,3,0,0,0,0,1,0,0,0,1,1,0,2,0,0,0
591,CAG,0,0,0,0,0,0,0,0,0,0,0,0,0,0,0,0,14,1,23132,1,0,0,0,0,0,0,5,0,0,1,2,0,0,0,0,0,1,0,1,0,0,0,0,1,0,0,0,0,0,0,2,0,0,0,0,1,0,0,0,0,0,0,1,0
592,CTC,0,0,0,0,0,1,0,0,0,0,0,0,0,1,0,0,0,0,0,0,0,1,0,0,0,3,0,1,1,23656,0,0,0,0,0,0,0,0,0,0,0,0,0,0,0,0,0,0,0,0,0,0,0,0,0,0,0,0,0,0,0,5,0,0
593,CTA,0,0,0,0,0,0,0,0,0,0,0,0,1,0,2,0,0,0,0,0,6,0,0,0,0,0,0,0,23711,0,4,1,0,0,0,0,0,1,0,0,0,1,0,0,0,0,0,0,0,0,0,1,0,0,0,0,0,0,0,0,3,0,1,0
594,GGA,1,0,1,1,0,1,0,0,5,0,1,0,0,0,0,0,0,2,0,1,0,0,0,0,0,0,0,0,1,0,0,0,3,2,0,0,0,0,0,0,23775,0,1,2,0,0,0,0,0,4,0,1,1,1,0,0,1,0,3,0,0,0,0,0
595,ATT,0,0,0,0,0,0,0,3,0,0,1,0,0,3,1,23667,0,0,0,0,0,0,0,0,0,0,0,0,2,1,1,0,0,0,0,0,0,0,0,0,0,0,0,0,1,0,0,1,0,0,0,0,0,0,0,0,0,0,0,0,0,0,0,0
596,TGG,0,0,0,0,0,0,0,0,0,0,1,0,0,0,0,0,0,0,0,0,0,0,1,0,0,0,3,0,0,0,0,1,0,0,0,0,0,0,0,0,0,0,1,0,0,0,0,0,0,0,2,0,0,0,0,0,5,0,23766,1,0,0,0,0
597,GGC,0,0,0,0,0,0,0,0,0,1,0,0,0,0,0,0,0,0,0,0,0,0,0,0,0,0,0,1,0,0,0,0,0,7,1,0,0,0,0,0,0,23747,3,10,0,0,0,0,0,0,0,0,0,0,0,0,0,2,0,0,0,0,0,0
598,TGC,0,0,0,0,0,0,1,0,0,0,0,0,0,0,0,0,0,0,0,0,0,0,0,0,0,10,0,0,0,0,0,0,0,0,0,0,0,0,0,0,0,0,0,0,0,0,0,0,0,169,0,0,0,0,0,0,2,210409,1,64,0,5,0,0
599,TCT,0,0,0,1,0,5,0,5,0,4,0,3,7,5,8,1,8,0,0,3,0,0,0,21,0,0,2,0,2,1,6,2,0,0,0,0,1,1,0,5,1,8,0,8,1,0,0,2,0,0,0,13,14,199,36,210471,0,0,2,0,2,1,6,7
600,GGA,1,4,0,1,0,1,0,0,37,1,0,2,0,0,0,0,11,16,0,5,0,0,0,0,3,0,0,0,0,0,0,0,52,0,0,0,6,11,0,0,210676,25,18,26,1,0,0,0,0,0,0,2,5,5,0,0,3,0,0,0,0,4,0,3
601,AAA,210461,0,30,2,0,0,0,0,8,0,15,0,1,0,0,0,3,4,0,4,1,5,0,0,4,3,16,18,1,0,0,4,5,0,0,0,0,0,0,0,0,0,0,0,0,0,0,0,0,0,0,0,0,0,0,0,0,0,0,0,0,0,0,2
602,CTC,0,0,0,0,0,0,0,0,0,0,0,0,0,8,1,2,0,1,0,3,0,28,0,0,0,1,0,1,8,210995,9,21,0,0,0,0,0,0,0,0,0,0,0,0,0,0,0,0,0,0,0,0,0,0,0,0,0,0,0,0,6,22,2,0
603,ATC,0,2,0,0,0,4,0,0,3,0,0,0,26,210872,1,39,0,0,0,0,0,3,0,0,0,2,0,0,0,2,2,0,0,0,0,0,0,0,0,2,0,0,0,0,0,30,0,2,0,0,0,0,0,0,0,3,0,0,0,0,0,0,0,0
604,TGC,0,1,0,0,0,0,0,0,0,4,0,0,1,0,2,0,0,3,0,3,0,0,0,0,0,35,0,0,0,0,0,0,0,2,0,0,1,0,0,0,0,2,0,0,0,1,0,0,0,118,0,0,1,2,0,0,1,210413,0,119,0,3,0,0
605,ACC,0,7,0,2,4,210874,2,27,0,0,0,0,0,25,0,0,2,2,4,0,0,6,1,4,0,0,0,0,1,0,0,0,2,0,0,0,0,4,0,3,0,0,0,0,5,0,4,3,0,5,0,0,0,2,0,2,0,0,0,0,0,0,0,0
606,ACT,0,0,0,1,3,55,2,194783,0,0,0,0,0,0,0,12,0,0,0,0,0,0,0,97,0,0,0,0,0,0,0,0,0,0,0,0,0,0,0,12,0,0,0,0,0,0,0,0,0,0,0,0,0,0,0,1,0,0,0,0,0,0,0,0
607,AAT,30,27,1,210580,0,0,0,4,0,3,2,9,0,0,0,0,6,0,0,0,0,0,0,0,0,0,0,0,0,0,0,0,0,2,0,8,0,0,0,2,3,0,1,0,0,0,0,5,0,2,0,0,9,0,0,5,0,0,0,1,0,0,0,0
608,GTG,1,0,0,0,0,0,0,0,0,0,0,0,0,0,43,0,0,0,0,0,0,0,0,0,0,0,0,0,0,0,1,0,0,0,0,0,0,0,6,0,0,0,0,0,95,4,210742,2,0,0,0,1,0,0,0,0,0,0,0,0,0,0,11,0
609,CCC,4,0,1,0,0,0,0,0,1,0,0,0,0,0,0,0,0,7,9,0,39,210654,3,30,0,22,0,0,0,16,0,0,0,0,1,0,3,3,0,0,0,0,0,0,0,0,0,0,0,0,0,0,0,63,1,4,0,0,0,0,0,0,0,0
610,TGG,0,0,0,0,0,0,0,0,0,0,12,0,0,0,0,0,0,0,0,0,0,0,0,0,1,0,134,0,0,0,0,0,0,0,0,0,0,0,0,0,0,0,20,0,0,0,0,0,0,0,41,0,0,0,0,0,15,1,207923,2,0,0,2,0
611,AAC,15,210392,8,50,0,1,0,0,10,7,16,9,0,1,0,0,6,3,11,2,0,0,0,0,0,2,1,11,3,0,1,3,3,8,6,7,0,0,4,0,0,0,0,0,0,0,0,0,0,1,0,0,1,0,1,4,0,0,0,0,0,0,0,0
612,TCT,30,0,15,0,3,8,0,8,10,0,2,11,0,2,7,0,5,3,2,8,33,20,15,45,7,9,7,12,4,2,1,0,6,1,5,10,6,7,9,6,8,2,4,2,4,2,0,0,1,9,0,22,18,22,5,210601,0,1,0,3,0,2,0,22
613,AGT,13,21,7,36,0,2,9,4,35,32,12,210331,1,5,19,15,23,7,18,4,0,0,1,0,16,8,13,13,6,5,11,2,8,0,2,8,10,17,4,7,7,4,17,68,7,12,41,22,0,0,0,3,3,0,8,0,0,6,1,12,13,0,10,0
614,TGG,0,0,0,0,1,0,0,0,0,0,2,4,0,0,0,0,0,0,0,1,0,0,0,0,2,0,5,0,5,0,0,0,0,0,0,0,0,0,0,0,0,0,0,0,0,0,0,1,0,0,13,0,0,0,0,0,19,5,210816,7,0,0,3,0
615,AGT,0,5,0,52,0,0,0,1,8,44,0,210052,1,0,0,2,0,0,0,0,0,0,0,0,0,0,0,0,0,0,0,0,0,0,2,0,0,0,0,0,2,0,0,28,0,0,2,5,0,0,0,0,1,0,4,1,0,1,0,3,0,0,0,0
616,AAT,12,22,5,210680,0,4,0,3,0,4,3,32,0,0,0,0,0,1,0,3,1,0,2,1,4,0,0,0,0,0,0,0,0,7,0,16,7,3,3,0,0,1,0,10,0,0,0,0,0,0,0,3,0,0,0,12,0,0,0,0,0,0,3,0
617,AAA,210762,0,14,1,0,0,1,0,8,0,4,0,2,0,0,0,0,0,0,0,0,0,0,0,5,8,0,0,0,0,0,2,41,0,0,0,0,0,0,0,0,0,0,0,0,0,0,0,0,0,0,0,0,0,0,0,0,0,0,0,1,0,0,0
618,TCC,2,3,0,2,18,20,3,4,6,3,3,16,0,0,0,0,0,0,0,0,0,15,0,0,1,2,0,0,0,0,0,0,0,1,0,0,0,0,3,0,0,1,0,0,0,0,0,0,0,1,1,0,7,210882,5,18,0,0,0,4,0,13,0,0
619,CAG,0,0,4,0,0,0,0,0,0,0,0,3,4,1,11,7,31,7,210605,38,0,1,13,0,0,0,94,0,2,12,18,4,7,0,2,0,3,0,0,3,0,0,0,0,3,2,3,1,0,2,10,1,5,0,0,0,0,0,0,2,5,0,3,0
620,GAT,8,5,4,82,17,5,0,0,0,1,2,10,0,1,0,5,5,1,3,1,0,2,0,1,0,2,3,3,4,5,3,4,19,4,7,206137,1,9,4,10,2,7,5,10,5,1,0,3,0,1,0,10,12,17,10,8,0,0,3,1,9,4,1,1
621,GAG,7,0,57,0,8,9,3,10,5,5,0,4,0,4,1,0,6,0,4,0,0,0,0,0,8,1,1,2,1,3,0,6,46,2,209446,13,2,7,10,13,0,0,59,0,3,4,23,5,0,9,3,17,0,10,2,6,0,3,0,1,0,4,3,9
622,ATA,6,0,0,2,10,0,0,0,0,0,0,0,209652,8,8,6,0,0,1,0,0,0,0,0,0,0,2,0,0,0,1,4,0,1,0,0,0,0,0,0,0,0,0,0,3,0,0,0,0,0,2,0,0,0,0,0,2,0,0,0,0,0,0,0
623,TGG,0,0,6,0,0,0,0,0,0,0,15,0,0,0,0,0,0,0,0,0,0,0,0,0,0,0,3,0,2,0,0,0,0,0,0,0,0,0,2,0,0,0,2,0,0,0,0,0,4,0,19,3,0,0,0,0,23,1,210881,13,0,0,14,3
624,GGA,8,16,14,0,0,3,7,3,77,5,10,2,0,0,2,0,9,4,0,6,0,0,0,0,8,2,4,2,3,9,5,3,82,17,1,4,5,6,7,5,208425,10,53,7,4,0,0,1,0,0,0,0,2,15,0,1,5,4,6,1,8,0,12,0
625,AAC,10,207184,13,83,2,4,5,6,3,26,3,0,1,4,0,1,3,12,1,3,0,0,0,2,6,16,1,6,0,1,2,0,2,6,0,1,2,2,1,4,3,0,3,7,0,4,0,0,0,1,2,1,5,2,2,0,0,0,0,0,0,0,0,0
626,ATG,0,0,4,2,4,14,41,19,0,0,2,0,9,1,210687,12,0,0,0,0,0,0,0,0,0,0,0,0,9,0,17,2,4,0,0,0,0,0,0,0,0,2,0,0,0,0,31,0,0,0,3,0,0,0,0,0,0,0,0,0,0,0,10,1
627,ACC,0,0,0,3,31,210709,8,38,0,1,0,0,0,37,0,1,0,0,0,0,0,3,0,0,0,0,2,0,0,0,1,0,0,0,0,0,0,45,0,0,0,4,0,2,0,0,3,0,2,0,0,0,0,1,0,0,0,0,0,0,0,0,0,0
628,TGG,0,0,0,0,0,0,0,0,0,0,7,0,0,0,0,0,0,0,0,0,0,0,0,0,0,0,10,0,0,0,2,0,2,0,0,1,0,0,0,0,0,0,7,0,0,0,0,0,0,0,42,0,0,0,0,0,69,6,210722,7,0,0,3,0
629,CTG,2,11,1,8,0,0,0,0,9,0,3,0,0,0,30,16,13,0,28,0,0,0,27,1,5,3,6,8,260,3,207222,14,0,0,0,0,0,2,0,0,0,0,0,0,0,0,2,0,0,0,0,0,0,0,0,2,0,0,0,0,2,0,136,0
630,CAA,31,2,3,0,0,2,0,0,1,0,0,0,0,0,2,2,208036,5,40,5,3,0,0,0,16,0,2,0,7,0,0,2,12,2,5,0,5,4,0,2,0,0,0,0,0,0,0,0,99,0,0,0,0,0,0,3,0,0,0,0,0,0,2,0
631,TGG,0,0,0,0,0,0,0,0,0,0,12,0,1,0,0,0,0,0,0,3,0,1,0,0,1,0,8,1,2,0,0,0,0,0,0,0,0,0,0,0,0,0,4,0,3,0,5,0,0,0,22,0,0,0,0,0,18,0,210809,9,0,0,19,0
632,GAT,0,0,0,49,2,3,7,4,0,2,0,3,1,6,3,0,0,1,2,19,0,0,0,0,1,0,0,0,0,0,0,0,9,13,13,210410,7,11,12,20,8,3,9,10,12,3,1,1,0,0,0,2,8,5,2,17,0,0,0,0,0,0,2,8
633,AAA,210301,1,36,26,1,7,0,0,20,1,9,0,2,0,0,0,10,1,5,0,0,1,0,0,7,4,7,4,0,1,10,6,18,0,8,1,0,6,9,8,0,2,2,0,1,4,0,1,0,4,0,0,0,4,1,7,0,0,4,0,0,0,3,0
634,GAA,16,0,0,0,0,2,7,0,0,0,0,0,11,4,9,2,5,11,8,1,1,0,0,0,0,0,0,2,8,6,0,0,210601,2,26,5,3,5,0,2,3,0,0,0,7,0,6,1,5,0,0,4,2,0,1,0,0,2,0,6,8,0,4,2
635,GTT,0,0,0,1,7,5,1,3,0,0,0,0,2,6,4,56,0,0,0,0,0,0,0,0,0,0,0,0,0,2,0,0,0,0,0,4,0,0,0,6,0,0,0,0,14,12,10,210897,0,0,0,0,0,0,0,0,0,0,0,0,6,0,2,3
636,AGC,10,70,3,3,3,15,0,3,37,210274,7,198,0,6,6,4,0,0,0,12,0,0,0,0,0,2,3,0,0,0,0,0,4,0,8,8,0,3,4,2,1,28,11,9,1,2,0,4,0,1,0,6,0,7,2,0,0,0,0,0,1,0,0,3
637,AAT,26,25,4,210849,1,0,0,0,0,0,0,4,0,0,3,3,1,4,0,3,0,0,1,0,3,0,0,2,0,0,0,0,0,0,0,6,2,0,2,1,0,4,0,0,1,0,0,1,0,1,0,0,0,0,1,3,0,0,2,0,0,0,0,0
638,TAC,0,6,0,0,0,0,0,0,0,0,0,2,3,0,0,0,1,12,0,4,0,0,0,0,0,0,0,0,0,0,0,0,0,0,0,1,1,0,2,6,0,0,0,0,12,1,2,8,6,210426,3,98,1,1,0,0,0,9,0,0,0,16,0,18
639,ACA,2,0,0,0,210459,9,50,5,3,0,2,1,28,0,0,0,0,3,0,1,0,0,0,0,3,2,1,0,0,1,0,0,1,0,0,0,12,0,0,0,0,0,0,0,0,1,0,2,0,4,0,3,3,2,4,8,0,0,0,3,3,0,7,0
640,CAG,0,1,13,5,1,2,1,0,0,0,1,0,0,0,0,0,25,1,206336,11,0,1,0,0,0,0,23,8,0,0,1,1,5,5,8,0,0,5,0,2,0,4,4,0,0,0,0,0,0,0,41,0,1,2,0,3,0,0,0,0,0,0,0,4
641,ATA,26,2,2,0,17,14,0,2,1,0,5,14,210091,1,18,12,12,2,3,0,0,0,0,0,1,9,5,5,3,5,9,0,0,0,44,2,2,6,0,4,1,7,0,7,15,1,0,3,0,2,0,2,13,0,7,0,0,0,5,2,3,6,4,7
642,ATA,28,0,0,0,8,0,0,0,1,0,0,0,210528,2,9,9,4,0,0,0,0,0,0,0,0,0,0,0,0,0,0,0,0,0,0,0,0,0,0,0,0,0,0,0,6,0,0,0,0,0,0,0,1,0,0,3,0,0,0,0,7,0,0,1
643,TAT,0,0,0,2,0,0,0,0,0,0,8,0,0,0,0,2,0,0,0,6,0,0,0,0,0,0,0,0,0,0,0,0,0,0,0,1,0,0,0,0,0,0,0,0,0,0,0,0,23,15,0,210878,0,0,0,1,0,0,7,4,0,0,0,3
644,ACT,8,0,3,32,22,32,3,210551,6,0,11,7,0,0,0,28,6,2,2,9,0,0,0,1,4,9,8,1,1,0,0,0,3,2,1,11,2,12,2,23,18,4,4,7,0,0,0,0,0,0,0,0,13,0,4,35,0,0,3,0,1,0,0,2
645,CTA,0,0,0,0,0,0,0,0,0,0,0,0,16,0,2,0,1,0,0,4,10,0,0,0,0,1,0,2,210790,5,23,8,0,0,4,0,3,3,0,7,0,0,0,0,1,0,0,0,4,0,0,0,0,0,0,0,0,0,0,0,26,0,6,4
646,ATT,0,1,1,2,0,0,0,1,0,0,0,0,18,31,23,210641,0,0,0,0,0,0,0,1,0,0,0,0,7,24,19,22,0,0,0,0,0,0,0,0,0,0,2,3,0,6,4,5,0,0,0,0,0,0,0,0,0,0,1,0,10,0,10,2
647,GAA,19,1,0,1,0,0,0,0,0,0,5,1,0,2,4,0,0,0,2,0,0,0,0,0,0,0,0,3,0,0,0,0,210479,12,85,9,6,3,0,0,107,7,5,5,0,0,0,0,2,5,0,1,7,1,0,14,0,0,0,0,0,0,0,0
648,GAA,52,0,0,3,1,2,0,6,2,6,0,0,0,0,8,1,9,11,2,0,0,0,0,0,0,0,9,1,0,3,0,1,210733,11,4,3,0,0,0,4,4,2,6,0,2,0,6,0,7,3,0,2,1,0,0,5,0,0,0,0,5,1,8,0
649,TCG,0,0,1,2,4,0,3,0,0,0,0,0,0,0,2,0,2,2,1,0,0,0,1,0,5,0,0,0,0,0,0,0,0,0,0,0,0,4,4,0,1,0,6,0,0,0,0,2,0,0,6,0,224,3,209971,7,0,0,0,0,0,1,70,4
650,CAG,0,7,2,0,0,0,0,0,1,0,0,0,0,0,8,0,70,0,202609,3,0,0,1,0,1,2,95,4,0,2,7,0,0,0,1,1,0,2,2,0,0,0,0,0,0,0,0,0,0,12,33,5,0,0,0,0,0,0,8,0,0,19,0,23
651,AAC,3,206789,2,45,0,2,0,1,0,6,0,3,0,7,1,3,0,0,0,0,0,0,0,0,0,0,0,0,0,6,11,10,0,0,0,0,6,3,0,0,0,0,0,4,3,0,3,0,0,0,0,0,0,0,0,0,0,0,0,0,3,2,2,0
652,CAG,8,0,22,0,1,1,8,4,15,0,6,1,0,0,10,5,138,1,204725,12,0,0,2,0,4,10,47,7,0,11,33,3,4,2,0,1,1,0,5,3,0,0,0,3,11,3,3,5,0,3,16,0,3,0,4,0,0,0,10,3,5,2,16,4
653,CAA,11,2,0,7,0,0,0,0,0,0,0,0,7,7,0,3,204378,0,2,1,0,0,0,0,5,0,0,0,2,4,5,4,1,0,0,3,9,2,5,1,0,0,0,0,0,0,0,2,76,0,0,0,0,0,0,0,0,0,0,0,7,5,8,0
654,GAA,279,0,0,0,0,0,0,0,0,0,0,0,0,0,0,2,0,0,0,0,5,0,0,0,0,0,0,0,0,0,0,0,206272,4,11,10,0,1,0,0,1,0,0,6,2,0,0,0,5,0,0,0,0,0,0,0,1,0,0,0,0,0,0,0
655,AAA,206744,2,18,1,0,0,1,0,30,2,7,1,25,12,19,12,4,0,1,4,0,0,0,0,3,15,2,0,7,11,9,11,2,0,0,0,0,3,17,3,0,0,0,0,10,7,33,1,0,0,0,1,2,0,3,0,0,1,1,1,10,1,36,7
656,AAT,963,12,0,201034,3,7,2,6,7,1,4,18,3,0,56,65,13,1,10,6,0,0,0,0,0,2,4,1,5,5,0,0,4,6,2,24,6,8,8,5,0,0,0,0,4,0,6,7,0,3,0,5,5,7,5,1,0,0,0,1,2,0,11,0
657,GAA,33,68,1,5,2,0,0,3,1,0,1,3,0,0,37,0,3,11,0,0,0,0,0,0,0,0,0,1,1,0,3,2,207856,0,20,4,4,0,2,0,17,2,3,3,1,0,0,7,7,1,0,7,0,0,1,0,975,0,1,0,8,13,13,3
658,CAA,6,43,39,0,1036,0,0,1,0,1,3,3,0,0,11,0,204023,9,28,10,2,0,0,0,12,0,1,0,31,15,10,33,5,2,0,0,2,3,6,2,0,0,0,0,7,9,0,0,35,1,2,5,8,0,0,2,6,2,8,0,16,13,13,14
659,GAC,1,41,32,0,6,3,1,32,128,6,1,5,0,0,3,2,8,1,2,2,0,0,0,4,0,0,0,0,0,0,2,0,45,199381,8,22,3,2,9,1,0,6,0,0,14,17,13,4,0,1,2,1,12,2,9,1,0,0,2,3,4,0,9,0
660,TTA,0,0,9,0,1,0,0,7,0,2,0,0,11,0,3,1,3,0,0,3,0,0,0,2,3,0,0,0,23,0,0,941,2,1,0,0,0,0,3,0,0,0,0,0,1,0,8,1,2,0,1,63,9,0,0,0,0,0,2,0,207963,1,16,1
661,TTA,0,0,0,0,0,0,0,0,1,0,0,0,9,0,0,0,0,0,0,0,0,0,0,0,0,0,0,0,14,4,2,3,0,0,0,0,0,1,0,1,0,0,0,0,1,0,0,0,0,4,0,0,5,0,0,0,0,0,0,0,209584,8,83,5
662,GCA,4,0,2,0,67,4,1,0,0,0,0,25,0,0,0,0,3,0,1,0,0,0,0,0,0,2,1,0,0,0,0,2,4,0,4,2,209427,12,18,18,0,1,3,3,64,0,2,0,1,0,3,0,15,0,11,10,0,0,0,0,1,0,0,0
663,TTG,0,0,1,0,0,0,0,0,0,0,0,0,0,0,12,1,0,0,0,0,2,0,0,0,0,0,2,0,6,4,38,0,0,0,0,0,7,0,1,0,4,0,0,0,0,0,2,0,0,0,2,3,2,0,16,0,2,0,11,0,70,7,209480,35
664,GAC,2,52,0,0,5,7,0,2,0,10,0,2,0,0,0,0,1,5,2,2,2,2,0,0,0,0,0,0,0,2,0,0,40,209277,9,74,0,5,0,0,1,65,4,6,0,1,0,0,0,8,0,0,1,2,8,11,0,0,0,0,0,0,0,0
665,AAG,50,3,206538,2,2,5,9,14,0,1,41,0,0,0,18,0,2,0,16,7,0,0,2,0,8,4,5,0,5,0,0,0,1,0,34,1,2,6,0,0,0,0,0,0,3,2,4,11,0,1,0,0,4,0,2,1,0,2,0,0,0,0,0,0
666,TGG,0,0,1,0,0,0,0,0,0,0,7,1,0,0,0,0,0,0,0,0,1,0,0,1,0,0,1,0,0,0,0,0,0,0,0,0,0,0,0,0,0,0,5,0,0,0,0,0,0,0,32,0,0,0,0,0,26,0,209551,0,0,1,9,3
667,GCA,7,8,6,4,213,1,6,0,11,10,0,4,2,8,1,2,0,1,7,1,3,0,0,0,0,2,1,4,0,0,0,0,63,4,8,2,207479,6,30,6,14,5,1,3,208,13,6,0,0,2,0,2,3,2,2,0,0,1,2,0,0,2,0,0
668,AGT,0,10,0,40,4,0,0,10,1,13,0,210078,2,4,11,7,3,3,3,7,0,0,0,0,0,0,0,0,2,2,0,1,3,0,0,1,0,5,1,11,2,1,6,8,0,3,6,0,3,1,0,0,6,0,2,8,0,0,0,2,2,0,2,4
669,CTG,0,0,1,0,0,0,0,1,3,0,0,0,0,0,1,0,0,0,4,0,0,0,77,0,0,0,5,0,152,6,209781,4,0,0,0,0,0,0,0,1,0,0,1,0,0,0,0,0,0,0,2,0,0,0,0,0,0,2,0,0,6,0,34,0
670,TGG,0,0,0,0,0,0,0,0,1,0,2,0,1,1,3,1,0,0,0,0,0,0,0,0,0,0,42,0,0,0,0,3,2,0,0,0,0,1,0,1,0,2,1,0,2,4,0,2,0,0,16,2,0,0,0,1,25,1,209885,3,0,3,9,2
671,AAT,3,19,0,206727,3,2,4,13,0,6,0,6,0,0,0,1,0,0,0,2,0,0,0,0,0,0,0,0,0,0,0,0,0,2,0,7,0,0,2,4,1,0,3,0,2,2,0,4,0,0,0,0,2,5,0,1,3,0,3,0,0,0,0,0
672,TGG,0,0,0,0,0,0,0,0,0,0,1,0,0,0,0,0,0,0,1,0,0,0,0,0,0,0,5,0,0,0,2,0,0,0,1,0,0,0,0,1,0,0,1,0,0,0,0,0,0,0,27,0,0,0,0,0,17,0,208056,13,0,1,0,0
673,TTT,0,0,0,0,0,1,0,0,0,0,1,0,0,0,0,3,0,1,0,0,0,0,0,3,0,4,0,0,0,0,0,17,0,0,0,0,0,0,0,0,0,0,0,0,1,0,0,4,0,0,0,16,0,0,0,2,0,0,7,2,1,37,0,210372
674,AAC,17,210082,10,72,2,24,10,4,14,63,15,7,0,6,1,0,11,5,30,0,0,0,0,0,9,8,24,1,0,0,0,1,0,31,1,3,17,9,4,2,1,4,10,4,0,2,1,3,0,4,0,0,1,12,3,4,0,4,0,10,5,0,0,0
675,ATC,0,3,0,0,0,21,0,0,0,0,0,0,10,210082,0,54,0,0,0,0,0,0,0,0,0,0,0,0,0,3,2,0,0,0,0,0,0,0,0,0,0,0,0,0,0,5,7,0,2,0,0,0,0,0,0,0,2,0,0,0,0,2,7,0
676,TCA,0,0,0,0,51,18,6,12,0,5,4,6,3,0,0,2,0,0,0,0,52,0,0,0,0,0,0,0,1,0,0,5,0,0,0,0,6,0,5,0,0,0,0,0,18,4,4,12,4,0,0,0,209084,11,38,11,1,0,0,0,22,0,0,0
677,CAA,20,11,9,1,1,10,0,1,3,0,0,1,0,1,16,3,210401,3,20,4,0,0,0,0,21,8,6,2,2,2,1,10,7,0,2,0,1,0,3,0,0,0,0,0,2,0,0,1,34,2,0,0,1,6,1,0,0,2,2,7,3,7,9,0
678,TGG,0,0,0,3,0,0,0,0,0,0,4,0,0,0,0,0,0,0,0,0,0,0,0,0,0,0,5,0,0,0,0,0,0,0,0,0,0,0,0,0,0,0,0,0,0,0,0,0,0,0,8,0,0,0,0,0,57,1,203503,10,0,0,1,0
679,CTG,0,0,2,0,0,0,0,0,0,0,0,0,3,0,6,0,0,0,1,0,0,0,19,0,0,0,2,2,107,2,205973,9,0,0,0,0,0,0,0,0,0,0,0,0,0,0,0,0,0,0,0,0,0,0,0,0,0,0,0,0,0,0,55,0
680,TGG,0,0,0,2,0,0,0,0,0,0,1,0,0,0,0,0,0,1,0,0,0,0,0,0,0,0,7,0,0,0,0,0,0,0,0,0,0,0,1,0,0,0,5,0,0,0,0,0,0,2,28,0,0,0,0,0,40,1,210513,11,0,1,7,0
681,TAT,0,0,1,4,0,0,4,3,0,0,0,0,0,2,0,0,2,0,1,35,0,0,0,0,0,2,0,0,0,0,0,0,0,0,0,0,0,0,0,0,0,0,0,0,0,0,0,0,1,44,1,210531,0,1,0,0,0,0,1,2,0,2,0,6
682,ATA,3,0,0,0,19,2,1,0,1,1,0,0,210631,6,8,3,0,0,0,0,0,0,0,0,0,0,0,0,0,2,0,0,1,0,0,0,0,0,0,0,2,0,0,0,21,0,4,0,3,0,0,0,2,0,3,0,0,5,0,0,2,0,1,0
683,AAG,44,0,210729,2,0,0,0,0,3,0,10,0,0,0,0,0,4,0,2,2,0,0,0,0,4,4,15,1,0,0,0,0,2,0,7,0,0,0,0,0,0,0,0,0,0,0,4,0,0,0,3,3,0,0,0,0,0,0,6,0,0,0,0,0
684,ATA,12,0,3,0,8,2,8,8,2,3,0,2,210467,14,8,6,0,2,3,0,0,0,0,0,3,0,0,1,4,5,7,5,2,1,0,0,6,0,3,2,5,5,8,0,4,0,3,0,0,2,0,1,1,1,2,6,0,0,0,0,11,0,10,1
685,TTT,0,0,0,6,1,3,0,0,0,5,0,0,15,4,5,3,5,0,0,0,0,0,0,0,0,0,0,0,6,2,0,17,0,0,0,0,2,5,6,1,0,5,2,5,2,6,5,22,0,0,0,2,2,2,0,11,0,4,3,5,19,25,26,210396
686,ATA,15,2,2,6,23,2,0,5,1,0,0,3,210580,10,13,27,0,0,0,0,0,0,0,0,0,0,0,0,2,4,3,1,0,0,0,0,1,0,0,0,0,0,0,0,15,6,9,5,0,0,0,0,0,0,0,0,0,0,0,2,5,0,7,7
687,ATA,15,0,0,3,18,0,5,4,0,0,0,3,210739,1,18,3,10,0,6,0,0,0,0,0,0,2,0,3,0,2,1,0,0,0,0,0,0,1,0,8,1,0,0,6,3,0,4,6,0,0,0,0,0,0,0,0,0,3,0,0,7,0,0,5
688,ATA,2,0,0,2,10,1,3,1,0,6,0,1,210490,2,49,3,0,0,0,0,0,0,0,0,0,0,0,0,0,0,2,4,0,0,0,0,0,2,8,4,2,0,3,0,4,16,3,0,0,1,0,3,3,0,1,6,0,0,0,1,5,3,11,5
689,GTA,0,0,0,2,7,0,12,0,0,1,0,5,44,2,0,2,0,0,5,0,0,0,0,0,0,0,0,4,7,0,5,5,4,1,0,0,15,0,5,0,9,1,7,2,210582,2,68,5,0,2,0,0,2,4,4,0,0,3,0,1,26,0,0,4
690,GGA,0,0,0,1,0,1,9,0,16,0,0,1,0,0,2,0,1,2,0,0,3,4,0,3,0,0,0,0,0,1,5,0,30,0,0,0,0,4,1,1,206935,13,81,9,9,0,4,6,0,0,0,0,10,3,4,0,5,0,1,0,0,1,3,4
691,GGC,0,1,0,5,0,2,0,12,0,71,0,7,0,6,9,0,1,18,0,0,0,1,1,1,0,0,0,0,0,0,2,0,0,42,0,0,6,0,0,2,19,210248,14,36,1,8,1,6,0,13,0,10,0,0,2,1,0,6,2,0,1,0,6,0
692,TTA,2,0,0,0,19,0,18,2,2,4,0,1,53,2,0,0,0,0,2,3,1,0,0,0,0,0,0,0,22,13,4,0,6,5,0,1,0,0,0,0,4,1,8,2,15,4,10,6,13,0,0,0,42,1,0,0,2,3,0,2,210333,2,26,8
693,ATA,6,0,0,0,11,8,8,2,0,7,0,17,210426,23,104,8,2,0,0,2,0,0,0,0,0,0,0,0,4,6,1,2,0,0,2,0,7,0,8,0,2,6,2,0,7,4,5,0,0,1,0,4,6,4,1,0,0,6,2,6,5,2,9,1
694,GGA,3,0,0,0,5,7,3,5,18,4,0,9,10,0,0,3,2,0,2,0,4,0,5,9,0,0,0,0,0,3,9,2,17,0,0,0,2,9,14,10,210611,15,17,8,9,2,0,3,0,0,0,1,2,16,5,2,12,16,2,10,10,3,0,4
695,TTA,3,0,0,1,2,8,4,22,0,0,0,9,16,0,0,9,0,2,2,2,2,0,0,5,0,0,0,0,19,8,8,14,0,0,3,0,6,0,4,8,4,5,6,12,7,7,0,5,5,2,0,10,34,0,6,17,0,0,3,1,209551,7,33,15
696,AGA,29,0,5,0,2,1,0,1,210703,3,20,6,16,0,1,5,1,1,3,3,5,0,4,1,18,3,7,7,5,0,4,5,1,0,1,1,0,0,2,0,4,0,4,4,0,0,0,2,0,6,0,4,0,0,2,2,0,0,4,0,2,5,0,0
697,ATA,6,0,0,0,16,3,6,0,0,2,0,2,195783,16,55,8,0,1,0,0,0,0,0,0,0,1,0,0,12,4,9,15,0,0,0,1,8,6,8,5,5,0,7,0,168,2,13,10,0,0,0,0,2,2,0,5,0,8,0,4,2,9,3,7
698,GTT,0,0,0,0,2,2,10,0,0,4,0,12,9,3,3,65,0,1,0,0,0,6,1,0,0,0,0,0,7,3,0,0,0,0,0,0,1,1,8,24,7,4,14,5,20,28,1,202995,0,3,0,7,9,3,8,0,0,4,7,0,13,3,15,22
699,TTT,1,0,5,0,3,3,1,4,0,6,1,5,0,0,2,20,0,5,7,0,0,0,0,5,2,12,6,3,2,3,2,6,0,0,0,3,4,0,2,5,3,1,0,8,8,9,5,6,0,5,0,1,3,2,7,7,0,3,4,4,1,3,5,210226
700,GCA,0,4,0,0,106,10,1,6,0,0,2,0,8,3,0,4,0,1,9,0,2,0,0,0,0,0,0,0,6,2,7,0,8,2,4,0,209559,15,66,10,3,5,5,9,372,6,0,2,1,0,0,4,12,0,6,2,0,7,4,2,3,10,5,3
701,GTG,0,0,3,0,0,1,10,3,0,2,0,0,5,2,59,9,0,0,0,0,0,0,0,0,0,2,0,0,4,9,1,6,0,0,2,0,8,5,10,6,1,7,8,12,320,13,209927,14,0,0,0,0,2,0,1,0,0,16,0,1,13,9,7,6
702,CTT,3,11,4,0,6,5,6,6,2,6,2,3,4,0,6,23,19,5,6,23,10,1,12,13,6,22,4,7,18,31,7,210218,5,0,1,2,4,5,4,1,0,0,1,6,24,5,6,8,0,3,0,4,17,15,10,4,0,7,3,10,13,1,2,47
