site,abs_diffsel,positive_diffsel,negative_diffsel,max_diffsel,min_diffsel
625,18.50079626063019,0.17750924460127676,-18.323287016028914,0.17750924460127676,-2.412025712061651
632,17.257158624130547,0.6763186557970602,-16.580839968333486,0.6763186557970602,-2.654389872082963
644,15.859068436082794,5.676010942243683,-10.183057493839108,1.8538751097777904,-2.376188571183453
648,14.624201625205808,3.1350916053157443,-11.489110019890063,0.9988891167867475,-1.6965378495262533
636,14.148349712848077,1.4095702549973494,-12.738779457850729,0.6262347949755394,-2.347914737570398
637,13.566575594721249,1.910519766435836,-11.656055828285414,1.532697727158466,-2.2229287342214605
699,12.215359971508306,6.072789112042083,-6.142570859466225,1.0788597955766555,-1.6345192720050608
677,11.38514099853729,6.239846178439996,-5.145294820097293,1.5905989870615287,-0.8769497479967339
612,10.795817282513338,5.845421475778101,-4.950395806735237,1.2391425968807828,-1.2290746434012425
691,10.687494133459401,3.6350777368350524,-7.052416396624349,0.9444323737005521,-1.3075260683264924
634,10.668782068973822,2.3878896718899405,-8.280892397083882,1.1370687296284048,-1.6662731131162032
665,10.64242445723122,1.9716201876030546,-8.670804269628169,0.8469761509259552,-1.5212707911267955
659,10.308314786895242,3.799624666824127,-6.5086901200711145,1.4173462886879085,-1.275718558194515
684,9.861664874468394,4.7984734020945785,-5.063191472373813,1.3012457453852866,-1.1242521677335842
613,9.763812538535591,4.228376156710834,-5.535436381824757,1.0104262145924805,-2.2726186262402197
577,9.716911951258473,9.02061265638626,-0.6962992948722122,1.7835313660097643,-0.3629939584111717
694,9.683995822275252,2.8000292799316835,-6.883966542343568,1.0344593562373343,-1.7476016233305065
620,9.578986778996546,0.5533329609416935,-9.025653818054852,0.32920275132387367,-2.1751511084527086
695,9.517200047987508,2.9921796966416307,-6.5250203513458755,0.6423944826262944,-1.5368431112507315
688,9.456538474537396,3.7661261893790914,-5.690412285158303,1.4341578044813585,-0.9491986222032852
619,9.298490634145253,3.5439064073709003,-5.754584226774353,1.085466140957626,-1.2870576929778916
599,9.103297821093028,6.043945789403677,-3.0593520316893503,1.4638507224322674,-0.9384644573413707
633,9.07113296276931,1.460338014296716,-7.610794948472593,1.1370555525292283,-1.1463061692691456
641,9.023340950553488,6.969143659160353,-2.0541972913931352,1.4692268133578212,-0.6067197688555981
640,8.972736444946719,1.4997428880856418,-7.472993556861078,0.8619067956012753,-1.0740261703436826
213,8.857946866285822,7.21245730092055,-1.6454895653652715,1.5886845680283332,-0.896883848631149
700,8.841102172657356,3.6033661317064176,-5.237736040950939,1.0780126145917812,-1.4216658557298432
638,8.836492702585431,2.7517246628976366,-6.084768039687796,1.2491961170867942,-2.3215494323932075
701,8.652533168747246,2.504509304476943,-6.148023864270304,1.0482067526964762,-1.2748632108356364
687,8.53733734162345,4.700090830367022,-3.8372465112564287,1.2493658445708224,-1.4344549146569916
600,8.50417783965978,1.7769847459019998,-6.727193093757782,0.9996912748996523,-1.4344880751046065
692,8.430227069352897,1.443033952065937,-6.987193117286961,0.6699500236227316,-1.644258669800562
658,8.427766754466365,1.9117661757722249,-6.51600057869414,0.9021780005291745,-1.1978574739080157
649,8.140690343826005,3.168354864595381,-4.972335479230624,0.6555447277234822,-1.2072516371526356
624,8.033213648924882,3.3066184298219072,-4.7265952191029745,1.373758627959084,-0.7253052392075403
668,8.012980944283967,4.663118199748149,-3.349862744535818,1.1217446050577171,-1.1229550072584262
670,7.991718404924808,2.1320704466238354,-5.859647958300973,1.2938803016569742,-1.1234195687358812
639,7.954791469032315,1.116084995090477,-6.838706473941839,0.5120419629114114,-1.6961776162854145
395a,7.946036582870867,4.989919057536565,-2.9561175253343013,0.784467257835702,-0.8963509948832702
232,7.865451783227505,1.9469292480757383,-5.918522535151766,0.6057901733831081,-1.0564369234890094
564,7.809059942815025,7.134097232844978,-0.674962709970048,1.1324441623710417,-0.2521291188189789
200,7.765628178693341,6.305994487523056,-1.459633691170285,1.7778083908606912,-0.5538720328662889
702,7.687110746199414,2.728530302158856,-4.9585804440405585,0.9747624083556786,-1.434106530775799
190,7.675068436705868,1.6141069365846095,-6.06096150012126,0.8336171907087128,-1.6448039008438968
655,7.6051140632679095,2.347817457136835,-5.257296606131075,0.7882677579909444,-1.415931094357306
697,7.5365518135391225,1.9680504085348192,-5.568501405004303,0.9295667214353401,-2.128557894788766
652,7.489210989725382,3.2490339440957556,-4.240177045629626,0.7247143858930749,-1.1173562884516857
630,7.40361555874782,0.5883391045868434,-6.815276454160977,0.3458000836513051,-1.2061839629540947
629,7.36839960631119,4.385099714434121,-2.9832998918770683,0.9713894582536436,-0.8342919233289392
231,7.230338885305461,3.282884765729718,-3.9474541195757427,0.6817033460572217,-0.9105119807218217
693,7.176171130181532,3.3731379146693197,-3.8030332155122126,1.7356577377438347,-1.1415770662810854
238,7.175020436887193,3.4117828871507068,-3.763237549736488,0.7380543241334209,-0.9811964375218056
685,7.1653257264891685,1.7669703756526318,-5.398355350836536,0.8478118293148327,-1.3632652651081825
657,7.163812266701881,3.5576292995495242,-3.6061829671523573,0.8482091163044552,-0.9371343626816528
240,7.132368243777609,3.257230236348298,-3.875138007429312,0.6860121162299628,-0.9478459599084346
607,7.1121709685095045,3.024510689442528,-4.087660279066976,1.3865870190278056,-1.0590706424315603
216,7.0790621705648356,2.910814094380064,-4.168248076184771,0.6853555906567028,-0.8348220030110638
64,6.991005513100319,6.308541913647896,-0.6824635994524231,1.2569486551901161,-0.26095809190950675
660,6.936864004510666,0.6351632348133855,-6.301700769697281,0.4851312517009788,-1.1223645348107576
626,6.930009751289374,1.2885627927156595,-5.641446958573713,0.9192943167605765,-1.6886254380016332
618,6.896951827334422,1.9718586041920276,-4.925093223142395,0.5543488883218463,-1.434593968520616
236,6.869622420087791,4.431158294685353,-2.4384641254024375,1.1621040596806558,-0.48508560881424884
184b,6.860677595775517,2.6130511733081048,-4.2476264224674125,0.7435431515467377,-1.16472237385917
662,6.810888134102466,1.3562448743258053,-5.454643259776661,0.8421173518939934,-1.2021669586798374
66,6.778039104130091,6.056428691102072,-0.7216104130280191,1.3928462905913823,-0.3954579197227125
621,6.767988361034985,3.5329988656584006,-3.234989495376583,1.27469386595337,-0.6092919156091146
664,6.75518460366215,1.0475206354692974,-5.707663968192852,0.5374431708214753,-1.2928635712317837
696,6.71375807116116,4.240167325889141,-2.4735907452720185,0.8850788563496249,-1.0994647636243495
667,6.6630813410709955,1.134518279432879,-5.528563061638116,0.47965091909244684,-0.8952993488601079
651,6.584813166866076,2.4912353985425915,-4.093577768323485,1.289298342323346,-1.0585565791647777
674,6.496773285324904,4.178055971489337,-2.318717313835569,1.4213783853985889,-0.9381209984329688
588,6.4678002493278335,5.171522644245444,-1.2962776050823899,0.869021592490476,-0.565669806536934
394,6.422898727522794,2.331906084711976,-4.090992642810818,1.1018169888453766,-0.7475466629928816
484,6.417435267646478,4.239414556445293,-2.1780207112011847,0.651762216706878,-1.0104363756871177
392,6.396548317733507,4.023258026514046,-2.3732902912194604,1.0205972700638675,-0.7211867505493548
611,6.373688493260532,3.3826274928373192,-2.9910610004232145,1.3833569569824073,-0.8366462792504451
605,6.372047678032851,3.6144864397248204,-2.7575612383080292,1.1105862540304212,-0.726433116456463
698,6.364332087573808,1.2881915106414898,-5.0761405769323185,0.6705826099349425,-0.8312070606254477
653,6.3287607061236155,4.386207995602286,-1.9425527105213303,2.090953851549708,-0.7910892801383259
152,6.28592642724216,1.4658796813500892,-4.82004674589207,0.3484896827779153,-1.1380065231359264
689,6.2599278353459695,3.6692734535478015,-2.590654381798169,1.9673694272049462,-0.6754229886187153
81,6.254321971880832,3.9290502601101256,-2.325271711770707,1.575197536659163,-0.7171428254026875
142,6.249273180508382,3.5932294668143516,-2.6560437136940305,1.280999836049877,-1.1468224584272892
485,6.2238926269603905,3.2309280637405204,-2.99296456321987,1.1620979874430668,-0.6990280797061357
229,6.141583389930354,2.881736944387111,-3.259846445543243,0.5213895861709689,-0.9570528617516376
589,6.128347610896564,5.013450244819096,-1.114897366077468,1.0229771451224134,-0.3651480925300003
80,6.107449399363351,3.818948350315858,-2.288501049047493,0.6370698633321438,-0.6777046994838006
204,6.077263314611271,4.948610934370546,-1.1286523802407247,1.8992985522816723,-0.6768966170139585
690,6.057982608084765,1.5098631114665442,-4.54811949661822,0.4424456123862845,-0.8920090325324879
255,6.027434720995725,4.176741878188786,-1.8506928428069398,1.310029582582535,-0.6768337123221204
686,6.008054043099774,0.3646058024763805,-5.643448240623393,0.3646058024763805,-0.8645144476040254
171,6.003200709397361,2.252719505606054,-3.750481203791309,0.8858983754564872,-1.2632434526012828
464,5.992589307465302,3.416636058805496,-2.5759532486598076,0.7442197709411551,-0.483358336613243
615,5.961240377133754,3.1943336260695623,-2.766906751064192,1.4382303655145792,-1.7036109433355127
617,5.909168909640122,4.821606656621587,-1.0875622530185347,1.485647509350526,-0.5024086339794658
683,5.881967304516796,2.5980491829770145,-3.283918121539782,1.3785553104080046,-1.034023990304389
604,5.817458384582411,2.7455901954296644,-3.071868189152746,1.055517337163976,-0.8154152594132783
463,5.816907910782204,3.0789224592335493,-2.7379854515486546,0.7800515416226355,-0.8478908173330383
106,5.790147043817454,1.2578485558064143,-4.5322984880110395,0.49693535923820137,-0.8079179923375925
431,5.779189387629663,4.880121993253025,-0.8990673943766387,1.0724565578092706,-0.28680348182211307
656,5.7712126150446785,2.2321622001226937,-3.5390504149219852,0.7022621689414883,-0.9072930780778283
208,5.763598172880372,1.7457563715296662,-4.0178418013507065,0.7187419769793757,-1.5568076696582331
671,5.694344791759655,1.123312856854639,-4.571031934905016,0.6654656762849641,-1.5763525027365857
194,5.647778563827295,4.765625928050957,-0.8821526357763376,0.9958513756806776,-0.4781768630674747
461,5.606654728718488,2.3558723220663285,-3.2507824066521596,0.7900280763134488,-0.6548039767904148
663,5.598020389145326,2.7675345974876775,-2.830485791657648,1.1375849748479883,-0.6393001183706218
295,5.514022008669971,3.8249383759491717,-1.6890836327207983,0.9330734949432169,-0.4939572502501412
646,5.506427278029544,2.7404782429038206,-2.7659490351257228,1.1971317195599214,-1.082100164039465
399,5.362875700469509,3.0479544498062965,-2.3149212506632115,0.9214671337123994,-0.48520036150831
413,5.331684838287114,2.572051377336863,-2.75963346095025,0.8385066467112018,-1.137588745528427
358,5.294686883324406,2.285331946888893,-3.009354936435513,1.1236618058678711,-0.4713609156440164
491,5.28712120134808,4.223756452056088,-1.0633647492919915,3.3078517587154765,-0.5958257820936316
133,5.281484278035656,3.6987814766062317,-1.5827028014294244,0.866265170046999,-0.3715211280374625
560,5.280791093910505,2.6961971128757094,-2.584593981034796,1.0050882340623983,-0.4872978233417235
647,5.22097654678769,2.029083814326326,-3.191892732461365,0.7612210031271895,-1.2073347937529262
643,5.20853654502563,1.4464598540621951,-3.7620766909634344,0.7395511119253524,-1.40111354357253
676,5.171094890863816,1.7738479337657846,-3.397246957098031,0.7954604271842404,-0.6755201190000732
509,5.160675686985646,2.7662266326875815,-2.3944490542980637,0.678191546484938,-0.7371988679298522
241,5.112490118261961,1.3703092826763952,-3.742180835585566,0.5209120551648035,-0.7968698938422595
397,5.111596125273212,2.5212683580663118,-2.5903277672069,0.6533211880553259,-0.5377618279887046
211,5.077725703451186,1.0428156688520545,-4.034910034599132,0.43099407163047787,-0.6463248844931524
682,5.06288000199344,0.09433442544024118,-4.968545576553199,0.0700663848609512,-1.0476275631319498
650,5.026936309224907,1.4866015054114234,-3.540334803813483,0.9989426084956547,-1.0076549251996867
409,4.936070183911947,1.90591640236942,-3.0301537815425275,0.4326597276550069,-0.6785339175358592
110,4.919662502632566,1.7057634585579449,-3.213899044074621,0.7173271714582405,-0.748617443447309
481,4.868281787854583,2.4163213024081087,-2.4519604854464743,1.008577700680008,-0.4957998640663519
681,4.827915342523677,3.6762514234137003,-1.1516639191099765,0.8263809071255634,-0.40462594909424504
408,4.819775281070044,1.7654262713471416,-3.0543490097229014,0.36309097492143194,-0.6552979322386651
635,4.803774781205076,2.2506046201856416,-2.5531701610194344,1.0648038393755832,-0.7321806176074361
254,4.803326461698668,3.783427377332777,-1.0198990843658915,0.6636321515267976,-0.5683649100144452
289,4.757774700325302,3.853226395389846,-0.9045483049354561,0.9369103165130398,-0.3289812237860112
462,4.753655936843425,1.6159537338555734,-3.1377022029878514,0.6314100446516508,-0.8486008746266477
673,4.744276956166753,0.3775361276459434,-4.366740828520809,0.30761168706210984,-1.2930851117302455
645,4.7441218579575555,2.051209132841183,-2.692912725116372,1.0141091203978305,-0.938606169202421
396,4.733947364459224,1.7520525672501617,-2.9818947972090637,0.39254846262227644,-0.9440232873014833
184a,4.719753742044584,1.6674451916461794,-3.052308550398405,0.5712412343658781,-0.848177353412578
234,4.699116648184709,1.2977021642995616,-3.4014144838851474,0.42305172268582153,-0.48593177732143183
166,4.6906034560353635,2.6283962532138814,-2.0622072028214835,0.8244518723352532,-0.6163857824363981
252,4.6784527558935505,2.216249473547339,-2.462203282346212,0.8336126491760347,-0.7672843976361451
173,4.648795904048404,1.1744792649352513,-3.474316639113152,0.3341700201113398,-1.0175448647984038
187,4.638199225130032,1.4845739717281274,-3.1536252534019047,0.6054832284528846,-0.8483835829938671
185,4.635122825113022,1.5010909604515636,-3.1340318646614582,0.526905179634648,-1.0001759075853789
430,4.627216234511155,3.7969263543041047,-0.8302898802070513,0.715281574957845,-0.3113496804684294
169,4.624482726098324,2.185319058502764,-2.4391636675955595,0.7730079867797764,-0.8480289619354658
672,4.622731897047939,0.978798200001409,-3.64393369704653,0.48532201951016407,-1.2190180270794893
654,4.603808810753594,2.530262357107627,-2.0735464536459673,1.035063904877628,-1.011530542784958
594,4.554361318811326,1.9227758346423491,-2.6315854841689768,0.5453014202772847,-0.6580142194957996
395,4.548660644954647,3.218047197729193,-1.3306134472254532,0.6547325240834727,-0.9992858160907442
186,4.532181620863922,2.3746270320005447,-2.157554588863376,0.7055978068443614,-0.8321954772105377
410,4.516447937189496,2.400003586361262,-2.1164443508282353,0.6540476588892632,-0.6780798006488007
168,4.509069688001084,1.8771143491425994,-2.631955338858484,0.7327566889866778,-0.9794023692636075
585,4.487519593251847,3.48198394587006,-1.0055356473817865,0.7158699577881562,-0.3659105710743226
92,4.476249317507755,1.233173008803619,-3.243076308704136,0.3221703063854087,-0.8451238676350682
591,4.467748302997463,3.9516532549904704,-0.5160950480069921,0.7480481520997551,-0.25407093588465884
343,4.450206557459104,2.0640357608746887,-2.386170796584416,0.5937620938672254,-0.4018273892029429
117,4.446218339280571,2.068386683116361,-2.3778316561642097,0.5669883437563704,-0.5782212980574355
82,4.445505506670745,3.202425778557668,-1.2430797281130777,0.6003340624254273,-0.4848324953032892
160,4.429299309494231,2.4514057397655926,-1.9778935697286393,0.6057523268801739,-0.7421709160213906
99,4.368736978480333,0.9976306790023403,-3.371106299477993,0.49297809948419113,-0.7616251029363311
609,4.348636850516979,1.8493278681095018,-2.4993089824074772,0.3805552264403988,-0.9441713580098263
151,4.330056758941104,2.4291927686038886,-1.900863990337215,0.7049922406600616,-0.5689961669982837
475,4.321941405442633,3.4689583303337557,-0.8529830751088766,1.2567930623004042,-0.261559315608178
393,4.319892296456236,2.311549682698892,-2.008342613757344,0.6538305351195068,-1.0475105297511982
398,4.300330699895833,2.640258104973249,-1.6600725949225827,0.7399388054426974,-0.4843888156199485
477,4.2895012539724044,2.907054099787461,-1.382447154184943,0.781640986545729,-0.6179707637291543
567,4.2712683055218825,4.14004977899917,-0.1312185265227118,1.1770346006613108,-0.1312185265227118
490,4.264409942267343,1.481650776330008,-2.782759165937336,0.49905002665974296,-0.5809762771116438
341,4.255347356838138,1.6266753894812729,-2.6286719673568646,1.047338700455297,-0.6427986857390642
351,4.238820094003419,1.3526571725092476,-2.8861629214941713,0.44451591581902256,-0.47350793916926553
227,4.21295686469321,1.0750066486468433,-3.137950216046365,0.48617196596649787,-0.5693183349235056
432,4.202539050600654,3.0391930648134866,-1.1633459857871686,0.6283019833204451,-0.48442913800552595
219,4.202169357083954,1.3525346561913076,-2.8496347008926457,0.4376895472605858,-0.9688984077632403
575,4.196668092422756,2.132883668992116,-2.0637844234306404,0.5453887310767528,-0.6377691024919396
269,4.192084813751455,2.6631594112403167,-1.5289254025111385,0.595973153399237,-0.4670607300440158
210,4.1788874216712495,1.9797416464820023,-2.199145775189247,0.607568126001423,-0.8341907112039748
335,4.166927484845307,1.565708826061816,-2.6012186587834916,0.757600771777596,-0.5010354884313968
565,4.165898304546486,3.2696343703511204,-0.896263934195366,0.6786412913763009,-0.5668071994294761
87,4.150863811686169,1.891396130787363,-2.259467680898807,0.9433376033680889,-0.6781272404994859
336,4.13085831601782,2.1438818035085188,-1.986976512509301,0.5970524275611381,-0.7176737184005355
105,4.119297845703278,3.7408924132263652,-0.3784054324769123,1.5043001935649296,-0.2617589936536007
460,4.1189620710077195,1.904420016106277,-2.214542054901443,0.5162306701314414,-0.41731282599088454
97,4.108265973691323,2.319409380639468,-1.7888565930518565,0.7174823561024791,-0.8543372615043494
65,4.10497625982794,3.2070891938991233,-0.8978870659288173,0.6351607119975533,-0.4844656063374326
244,4.100895947100078,1.7426711177628116,-2.3582248293372663,1.1416851670796015,-0.7275224449237798
372,4.093489922080687,3.059350234246229,-1.0341396878344582,1.1039673816893874,-0.3446024799517215
406,4.085066336575409,1.759663333103114,-2.325403003472295,0.7800670240092702,-0.483700427311417
135,4.0815203306700605,2.9957399086537677,-1.085780422016292,0.5739959778922257,-0.6526516508993137
642,4.079124791698216,2.491763616560629,-1.5873611751375878,1.1375571423687705,-0.6720792211046598
63,4.073389967631125,1.683187843790171,-2.3902021238409543,0.4538607495442849,-1.4175491041235424
141,4.041602521551155,0.6715662788439417,-3.3700362427072137,0.2575929534957417,-0.7668917540861534
386,3.9852001738640386,2.605276999322272,-1.3799231745417666,0.6545539514436242,-0.6776357915383482
407,3.9784243651218807,1.9228618331971876,-2.0555625319246933,0.6542585985633415,-0.48539945326013983
77,3.9575089941290957,3.700773278561944,-0.2567357155671514,0.6538795588905572,-0.2567357155671514
267,3.9524540604071907,1.0864391547503267,-2.866014905656864,0.5037985516761341,-0.46888985661472643
195,3.9068764979801807,2.16890870749751,-1.7379677904826702,0.8347190545384164,-0.44644121810056847
492,3.891566358066649,1.2132380215469363,-2.6783283365197126,0.31780607660713245,-1.0607055466465973
250,3.850913484888509,0.4302608765665839,-3.4206526083219253,0.4302608765665839,-1.464521404422506
85,3.847150681259312,1.0750420893511086,-2.7721085919082036,0.19245615742399252,-0.8484637812547093
433,3.840794707853296,1.3611620396051376,-2.479632668248158,0.5031502292261798,-0.788009626535696
389,3.825842840034401,2.318804274930042,-1.5070385651043585,0.7132017287205323,-0.5527730508310831
518,3.816423385484838,1.8522850787476137,-1.9641383067372251,0.7806149686089042,-0.4932814305124575
362,3.7967357327821607,1.3237738683752753,-2.472961864406885,0.7355981679497939,-0.4032620716014287
679,3.795456998294802,1.0858264483662161,-2.709630549928586,0.8228540366174635,-0.887359850019652
417,3.7930849046050676,2.013930853577654,-1.7791540510274135,0.41147473051080385,-0.6780390953672557
400,3.7741785843349107,2.502556478797171,-1.27162210553774,0.5187772850537475,-0.7442571207800461
488,3.7690596123406985,1.3540766734374514,-2.4149829389032473,0.6779255726758917,-0.7802800427117045
554,3.7620059672866244,1.5747524190300919,-2.1872535482565327,0.9999467213769828,-0.47021421845006334
616,3.7596391490415266,2.2944542624937796,-1.465184886547747,0.47416601076463216,-0.5481816931543793
189,3.7398338666559705,2.768001427118014,-0.9718324395379565,0.7332566634341395,-0.26281211107982194
459,3.701426727489542,2.8449462400792944,-0.8564804874102473,0.7834787479149,-0.26226677573627677
557,3.6945607272773793,1.3986915981431751,-2.295869129134204,0.48516695183497377,-0.8458058070231221
388,3.688865564341016,1.0042475152207015,-2.6846180491203144,0.2521186691841463,-0.678701962871087
214,3.6835354844504247,2.1719454109111407,-1.5115900735392844,1.1174103050577051,-0.4853231749418035
465,3.6671954777101288,2.597965991260938,-1.0692294864491905,0.41082445331885636,-0.262350585028446
628,3.6663178497015028,2.2065838941246274,-1.4597339555768754,0.9433413407978687,-0.4782034115721442
411,3.657339210786635,1.8437007078661403,-1.8136385029204947,0.5176102254370722,-0.48535694262729673
188,3.6550805906966017,1.5626017919907862,-2.092478798705816,0.5394303206581668,-0.5577937594626918
290,3.624141369048627,1.952739119103399,-1.6714022499452277,0.8143663718682006,-0.3469052778839914
70,3.6030293884602376,3.1987818249951467,-0.40424756346509066,0.7198683565261923,-0.26215856061730863
453,3.587368223726346,2.5261053553793227,-1.0612628683470224,1.2059086115077196,-0.5364262471863696
199,3.5812836587358197,2.8722967011160554,-0.7089869576197648,0.80058390068369,-0.44624418944392186
190a,3.5692029307051993,0.7969019976965879,-2.772300933008612,0.2763207348787791,-0.44693671259564915
476,3.5504892906037218,2.032028996796269,-1.5184602938074523,0.5955159338641931,-0.48970980802662695
318,3.532377265952986,1.5300222065491669,-2.0023550594038197,1.0392297426676211,-1.306630762810041
207,3.5298279921966906,1.7754181980366075,-1.7544097941600825,0.6057665118497624,-0.48541587665240715
448,3.5263095401741054,1.6876649791833886,-1.8386445609907163,0.65435803231534,-0.8729784288452904
339,3.5205314903677047,1.2170795632189835,-2.3034519271487217,0.587686542659539,-0.4030628025222005
535,3.4874370421788923,1.8010100638393143,-1.6864269783395776,0.48550575765132226,-0.37605784096179384
84,3.47726462053815,2.132744692340808,-1.344519928197342,0.8977654492484695,-0.6778228119936006
661,3.46242711035408,0.5054853070544819,-2.9569418032995984,0.3079084227577793,-0.6073919120215432
340,3.461906307328667,2.7055266826355093,-0.7563796246931571,0.5983653773645918,-0.17381789414987883
325,3.4581237784588943,1.8869355145881013,-1.5711882638707932,0.48561134323339433,-0.48628059727304696
500,3.4546416259035158,1.280883003899754,-2.1737586220037617,0.6778419868584826,-0.4699683819100506
471,3.4514581201102223,2.4971858707176664,-0.9542722493925562,0.518390040257376,-0.4830933737796736
608,3.4463236316884194,1.9384597394529124,-1.507863892235507,1.674656776824234,-0.6401432090100421
49,3.4415243902539148,0.7872019800659691,-2.654322410187946,0.3268739972914103,-0.8330425978371637
514,3.4392168136231356,1.4497616697944586,-1.9894551438286774,0.48523644319943227,-0.6229460346388893
302,3.4370419384825923,2.148702440082424,-1.2883394984001681,0.6784896426668809,-0.5935360164508694
275,3.4331944291018663,1.8298828242527898,-1.6033116048490768,0.8416087373282,-0.3306028721748782
412,3.4178279976072083,1.335807815441884,-2.0820201821653246,0.3633608141392453,-0.7741427096106899
266,3.4088955258071465,1.9567469676151514,-1.4521485581919948,1.2613723931004799,-0.6121198439909532
246,3.3953735324534224,0.39661552915942666,-2.998758003293996,0.27659016674344744,-1.1324197840842716
221,3.3734510932314805,2.184910227355533,-1.1885408658759478,0.6601842257473775,-0.5327019103062762
46,3.3641137391490856,1.9047852830750085,-1.459328456074077,0.5599381004477697,-0.4380210697656451
425,3.352193387283984,0.5654476784906648,-2.7867457087933194,0.3885930549862996,-0.4862079564621409
581,3.319967774911048,2.7927710288506225,-0.5271967460604252,1.2800543284811217,-0.1317991865151063
504,3.3179580334076992,1.3268923752504027,-1.9910656581572967,0.715141236205751,-0.36647685680217296
590,3.315790363040739,0.5636443728476148,-2.752145990193124,0.26255074563308317,-0.48127748492028394
230,3.3105531211133123,0.3506322371940591,-2.959920883919253,0.12003691747966089,-1.364225718682976
154,3.2958400584718923,1.930890993989369,-1.3649490644825233,0.625246232847751,-0.6166138066979323
507,3.286632013356896,1.0085806600701401,-2.278051353286756,1.0085806600701401,-0.6390500448368885
569,3.286002108908978,1.9193700741412587,-1.3666320347677192,0.6785179057217647,-0.3553010395161186
627,3.2822019762938335,0.7557664151527482,-2.5264355611410854,0.6703644579369523,-0.6168860038395603
281,3.26997908780118,3.0966631311233765,-0.17331595667780358,1.1105445391079616,-0.17331595667780358
363,3.2587207337525697,1.6811271573980224,-1.5775935763545472,0.39545530262272527,-0.3307669956613565
595,3.2497139055966477,2.3171546327917554,-0.9325592728048926,0.84831212334483,-0.5667379316622558
253,3.2344397689205717,0.9452227399313868,-2.2892170289891847,0.5711885245295021,-1.378720184079174
118,3.185278235666898,2.497733688752452,-0.6875445469144457,0.8960150942198029,-0.2624742727803614
209,3.1810584812745515,2.254785240319748,-0.9262732409548036,1.003851965037177,-0.2625998496394322
558,3.1561659362032635,2.3790483554254425,-0.7771175807778209,1.2634572380012428,-0.6447627746052279
293,3.1533625319690026,1.793499484991372,-1.3598630469776303,0.44513729555013387,-0.5998034819485091
601,3.1530876533012684,1.3079128654576597,-1.8451747878436096,0.6703433416452713,-0.9123401004592017
115,3.1473211649217316,1.0759472923967361,-2.0713738725249957,0.633542691044912,-0.9126041468405808
165,3.1466122094475626,1.7115745131434392,-1.4350376963041234,0.5034431976795158,-0.4852806391717514
95,3.1448461400580103,1.4428468348106127,-1.7019993052473974,0.6533826932947702,-0.6218873548529418
602,3.142939947255139,0.9677730733649024,-2.1751668738902357,0.48535685948424534,-1.3779061244831783
282,3.136213668459069,2.6105974797738294,-0.5256161886852397,0.6789757941020023,-0.2538719084984539
69,3.1329545966552956,1.4518784741280082,-1.6810761225272879,1.068080384664221,-0.6318119711339089
319,3.1244504779913913,1.8784942240725138,-1.245956253918877,0.45299578144771335,-0.7116798684878316
287,3.1122170722891873,1.7253193160063627,-1.3868977562828249,0.5175615099006793,-0.4025206044007994
356,3.1114490326475512,1.6785985826834804,-1.432850449964071,0.5881331417174736,-0.40277978872133596
360,3.099698391583278,0.6496506669237707,-2.450047724659507,0.3947094315146466,-0.39751716557883937
268,3.0792388370476647,0.7879377626517081,-2.2913010743959563,0.3111734724163096,-0.4680489120300431
364,3.0734544965829036,2.1341071309046233,-0.9393473656782805,1.2928805741734541,-0.5996652120612613
568,3.056524136675537,0.3118610176535872,-2.74466311902195,0.17868514831323842,-0.6916634115316915
212,3.053141397331354,2.2963459861140576,-0.7567954112172968,1.264135066095601,-0.4201062303230293
233,3.048292740314223,1.9717636605702924,-1.0765290797439295,0.9844031914968675,-0.2880093010953322
348,3.0110526847225785,0.6189295094244328,-2.3921231752981456,0.5876277387567886,-0.5004771536459465
102,3.0020449979454327,1.1662013544260388,-1.8358436435193939,0.3632369844145989,-1.0851950494498122
155,2.9983390729792063,2.4007844818237567,-0.5975545911554501,0.5267424513252932,-0.2627884279098424
304,2.995723697146606,1.3619873371796627,-1.633736359966944,0.8255046021947595,-0.5634566521367437
354,2.9832826445435114,1.3476664423457154,-1.635616202197796,0.37318394168218577,-0.4031539731846935
164,2.979647273842194,1.6677233866004055,-1.3119238872417889,0.5714116456412212,-0.9150757263606892
312,2.957217474882342,1.0624646026946645,-1.8947528721876779,0.569200826094409,-0.33078081914921204
346,2.9494566494048526,2.3650387661033805,-0.5844178833014717,1.0428082589983765,-0.23468147500594225
355,2.9487386289202857,0.5027488023103049,-2.445989826609981,0.4877962767039893,-0.52318247188368
548,2.9400289406825504,1.1410521343099511,-1.798976806372599,0.35254279915673026,-0.8392288227756927
243,2.9242187121576495,1.9844556492548857,-0.939763062902764,1.3978866912330203,-0.3432672629175354
344,2.9232839400690307,1.728308277002969,-1.194975663066062,0.48560711545112833,-0.6601637458924352
350,2.912423535791023,1.2018879497618207,-1.7105355860292024,0.3103789619734309,-0.47162424400471586
570,2.9054786753657647,1.4971923383475563,-1.4082863370182084,0.748130570302403,-0.38992072109414855
78,2.9050556557512275,1.9953043749708224,-0.9097512807804049,0.6534602574058828,-0.4547458540707661
563,2.9020430542446842,1.1572882456229958,-1.744754808621689,0.5481449999050967,-0.6381408925136338
415,2.9005100160877153,1.9292227857040054,-0.9712872303837099,0.6949099406681976,-0.2626594351930997
222,2.8873464965068734,1.5860356274243301,-1.301310869082543,0.9053801420565348,-0.5123584197631637
675,2.8860289090205393,1.4995331284301043,-1.386495780590435,0.485409164713144,-0.47767810648754716
347,2.8775556869472694,0.48583513543179446,-2.391720551515475,0.26227561399504573,-0.39750164247697284
153,2.875808198845926,1.3784254010823933,-1.497382797763533,0.8267710996129571,-0.6780536697450883
561,2.8676457378260336,1.1020108571793155,-1.7656348806467181,0.5307463588459591,-0.6904500666582899
429,2.866065292396479,2.535221485579835,-0.3308438068166442,0.5181843215114483,-0.26235573815725904
278,2.8617751962754157,1.2535471686600907,-1.6082280276153251,0.3103833372921705,-0.33104257971586487
170,2.8520269808930068,2.1930142231836043,-0.6590127577094024,1.0577942179847817,-0.36484122799913155
273,2.8469458193796,1.932494818065537,-0.9144510013140633,0.7583587893047551,-0.4711080763035754
623,2.836117224052614,1.6428800402276893,-1.1932371838249243,1.1376178014084637,-0.47790838067506036
178,2.8104546008239515,0.8535166109484048,-1.9569379898755463,0.33435337385188085,-0.9435801821877271
666,2.8099955071822063,2.0524001121425126,-0.7575953950396934,0.847967846757556,-0.24184407326976817
108,2.8088597020007415,1.5570229029009623,-1.2518367990997787,0.8055924888073518,-0.47685295075878364
614,2.79738457939255,0.2629409811814958,-2.534443598211054,0.2629409811814958,-0.6487397739533263
215,2.79426173988736,1.7408730198149198,-1.0533887200724397,0.6409601565729772,-0.8478688900862307
192,2.7922000665121653,1.7404695817063753,-1.05173048480579,0.762258826526232,-0.2629326212014475
51,2.7898884645981123,1.7788406131327184,-1.0110478514653947,0.5015645727961139,-0.2920199418688222
373,2.766957776239373,1.2702526128145002,-1.4967051634248723,0.3723424365118716,-0.48537250152444217
352,2.7603971607629796,1.5714300369874843,-1.1889671237754955,0.5051364408976746,-0.25066555947424146
467,2.756849167927636,1.833239506062671,-0.9236096618649652,0.36280890813834343,-0.2627384309763009
88,2.7549203652103897,1.0060756182802786,-1.7488447469301116,0.5179915978096468,-0.34998536738203057
167,2.7477121693131172,0.0,-2.7477121693131172,0.0,-1.7278630069615757
510,2.7445204689363494,1.452463960343775,-1.292056508592574,0.26314255916960416,-0.2539851412185587
515,2.7418062528671774,0.6206662200703038,-2.1211400327968737,0.31260769473365324,-0.5677491043542533
61,2.7358422523344887,2.268312312719683,-0.4675299396148055,0.7443308056921785,-0.39815029769879434
669,2.7331251311483875,0.50029249030642,-2.232832640841967,0.50029249030642,-0.651283524779156
573,2.7175539105429007,0.5082368432546456,-2.209317067288255,0.27756178343404325,-0.6240515642070683
583,2.707010286868262,1.5354342594182926,-1.1715760274499691,1.0000753923723447,-0.6628618347530588
265,2.7038817958899304,2.0820347584775414,-0.6218470374123892,0.5885656380954138,-0.17431570232627142
680,2.7034846252067433,0.07316769207243094,-2.630316933134312,0.07316769207243094,-0.7570346881178179
193,2.701656652088072,1.0948978722828409,-1.6067587798052303,0.6057841979033979,-1.108492866213957
226,2.694830895844572,1.1694019107914346,-1.5254289850531375,0.8346796223598263,-0.5132746181233416
60,2.6839668786853648,0.74185386393033,-1.9421130147550343,0.36260616557754377,-0.7053810482400238
424,2.6775598544603953,1.3788688461250467,-1.2986910083353478,0.9039442209920872,-0.6779855030596977
305,2.672886684727337,1.3754871841143814,-1.297399500612956,0.6731116705684936,-0.38963435816345005
270,2.651388770321274,0.654074526698837,-1.9973142436224367,0.26236191447568386,-0.7350288771827641
321,2.6513487463985403,0.5751140732619126,-2.0762346731366277,0.3120502179207778,-0.6063906336481912
524,2.648393724908366,0.3371032353110198,-2.3112904895973463,0.20703960139692842,-0.5673873278711561
474,2.646008558883538,2.3837537154239903,-0.2622548434595476,0.8961004578749681,-0.2622548434595476
203,2.645675857377709,0.8854759990426904,-1.7601998583350196,0.5908326474597518,-0.36041824687601454
525,2.6383880458186506,0.6911378809144272,-1.9472501649042238,0.5676069964311908,-1.547476635538012
332,2.621336466507765,0.30876334672839295,-2.312573119779372,0.17219865471980464,-0.40377817302900226
375,2.6161176826874764,2.285083916104026,-0.33103376658345,0.8365960374983322,-0.26220300227318083
426,2.614446265202914,1.5405728127337037,-1.0738734524692104,0.3642339539765393,-0.4851994463741348
75,2.6097825307937432,1.1019198731695543,-1.507862657624189,0.7088484008644198,-0.48509291179195685
114,2.608025535011304,0.8912836138718491,-1.7167419211394552,0.3630331529922391,-0.8018278817549366
224,2.6077608883597083,1.5588263484423954,-1.0489345399173131,0.913530677452445,-1.0489345399173131
383,2.6062181554203327,0.578567088741472,-2.0276510666788607,0.19285569624715734,-0.4859301985561829
374,2.6019114555208755,1.3325244333902786,-1.269387022130597,0.36583379950352657,-0.6781252305519267
140,2.59496799780473,0.8479087625908092,-1.7470592352139205,0.6311218594311752,-0.5785698167715309
198,2.593001978405087,0.892331577387599,-1.7006704010174878,0.4315644637180455,-0.485503600854993
551,2.572632582028317,1.1083425374014233,-1.4642900446268934,0.7151512306519574,-0.5677238041702801
357,2.572166219097097,0.3260222219083008,-2.246143997188796,0.17223817406731703,-0.47242265369162695
249,2.5533333497053237,0.9272729452346882,-1.6260604044706357,0.43007103976953986,-0.5652410447367384
444,2.552406638695638,1.0735328265000241,-1.478873812195614,0.5163682832589214,-0.4855797604007769
603,2.551816149597374,1.7979350365375444,-0.7538811130598301,0.8111665769545671,-0.22141619569817816
73,2.5463825682623606,0.2113198208310569,-2.3350627474313037,0.2113198208310569,-1.1444594362953708
479,2.528633918506809,1.0201157064942175,-1.508518212012591,0.6173240751623454,-0.33164814575093743
330,2.5268778954674618,1.6438273144732514,-0.8830505809942109,0.8483674568412563,-0.17463669759428424
428,2.4923071594571793,1.5114115444126757,-0.9808956150445032,0.5194188187397819,-0.2910113341046259
436,2.4909427358578156,1.3079083293809601,-1.183034406476855,0.36396968304428406,-0.31410222206835375
610,2.4768157201866194,1.7074790985549153,-0.7693366216317039,1.0277365413215125,-0.34933632437290246
422,2.4500176721109344,1.1520812293181528,-1.297936442792781,0.5699665983335955,-0.6779420833421921
48,2.449276228998821,1.1199364299982972,-1.3293397990005236,0.31262638452387437,-0.4852663383242152
57,2.4454988088878196,1.946993221028435,-0.4985055878593848,1.538722140259748,-0.26248030040284137
519,2.4443123559608337,0.764733078269277,-1.679579277691557,0.33486885641130437,-0.5676772532421172
553,2.4439547763201728,0.7899862051864329,-1.6539685711337397,0.7707554345957669,-0.6614288908901098
242,2.4437194935916033,1.2395917655105142,-1.2041277280810891,0.43145397995586504,-0.678067575546259
101,2.4273730554767057,0.48230953985616326,-1.9450635156205425,0.2897199829749622,-0.9027607809810472
33,2.4197702952870865,1.048643104750208,-1.3711271905368783,0.4539594809788801,-0.29262321596511026
132,2.407659793568862,1.4058445759498297,-1.0018152176190325,0.47123783528597324,-0.4841991999420527
76,2.3812905857567137,1.2587731516124072,-1.1225174341443067,0.5858316603349245,-0.4144521246009142
323,2.3806268667193318,0.7652105941151319,-1.6154162726042,0.5926012373259943,-0.7857119792036625
508,2.3710507369903655,0.5254174543748161,-1.845633282615549,0.26270872718740806,-0.7745717769011887
497,2.361087898403266,1.6551127040080025,-0.7059751943952635,0.9024287941094954,-0.30883664018113294
56,2.357702074494288,0.6403311644405063,-1.717370910053782,0.36293601814561494,-0.4858569274482382
90,2.351471362961619,0.6568718888322834,-1.694599474129335,0.2549066492082189,-0.3698086419037831
316,2.3430430407550946,1.4884414418999605,-0.854601598855134,0.6908983085186569,-0.24878032588400587
516,2.3429104512966648,1.2478263244078753,-1.0950841268887896,0.678142892867265,-0.3662614651089459
103,2.313927813261187,1.4714474180270425,-0.8424803952341449,0.3632572062809524,-0.3855991576770372
184,2.3067049335193315,1.395596992917007,-0.9111079406023246,0.8286098738318004,-0.8795804893241497
274,2.302838650920121,1.3929427537807089,-0.9098958971394124,0.39548770262350713,-0.5371667552741348
520,2.301781735975057,0.9639752247444142,-1.337806511230642,0.6336620884355018,-0.36633791156449824
271,2.295721210669373,1.597593591398328,-0.6981276192710448,0.5883839983643584,-0.25457701976740243
139,2.288361465345495,1.4068057247905172,-0.8815557405549782,0.5435477351107085,-0.5658046329283191
111,2.2759190042858504,1.7739753850866835,-0.501943619199167,0.6538345382874265,-0.22229457067261427
534,2.2753909730433013,0.5104744835410779,-1.7649164895022231,0.2331967284885183,-0.9022019728097739
162,2.2670723102111974,1.144111322813423,-1.122960987397775,0.6063447263600784,-0.5746390215973168
183,2.2665855412605516,1.1264442776071506,-1.1401412636534003,0.676162904429157,-0.38600954082508465
308,2.266203060999743,1.8236897563425,-0.4425133046572429,0.39600115382072093,-0.17423628460868015
263,2.2642696436403265,1.103983940197972,-1.1602857034423537,0.5778682104655974,-0.4694000942254695
206,2.226418913660978,0.9167151021124761,-1.3097038115485014,0.3429126104558224,-0.4854690453779981
283,2.225766502576272,1.8752490961603523,-0.3505174064159193,0.5321031761215624,-0.17298305574113318
257,2.2239769740954287,2.2239769740954287,0.0,1.093389234870411,0.0
450,2.220710724440618,0.9586111995529143,-1.2620995248877032,0.5160831291747373,-1.18883500623734
328,2.220425149805933,0.8575596106220824,-1.3628655391838502,0.17281624267925536,-0.5366277065977616
441,2.19320260431927,1.6682112824792013,-0.5249913218400689,1.134281802883963,-0.26249566092003446
496,2.188340507244521,0.4851045718886038,-1.7032359353559174,0.4851045718886038,-0.5574223331891899
552,2.177238174596753,1.4460718558522512,-0.7311663187445014,0.6347872970112478,-0.3951701731176638
34,2.151241258812345,2.151241258812345,0.0,0.515692158310605,0.0
72,2.1415843007318776,0.7912340485351042,-1.3503502521967734,0.5745253231301541,-0.2631135122798405
306,2.137549112337444,0.7659470889337988,-1.3716020234036455,0.2628203489736134,-0.46934529961042076
196,2.1334224603052583,1.6076608170414493,-0.5257616432638091,0.9334030697896574,-0.26288082163190457
123,2.1309268888691175,1.0203093154820029,-1.1106175733871149,0.44830264244910095,-0.6616800215787737
245,2.130454038962435,1.6312141242934615,-0.49923991466897394,0.4311403904153048,-0.26291177797968635
228,2.1242929199631053,0.23177181736911198,-1.8925211025939932,0.23177181736911198,-0.9254734358630823
113,2.120042225226286,1.071553461067303,-1.0484887641589828,0.28621648656569126,-0.4402833594859936
248,2.1187450354795,1.4092413118790077,-0.7095037236004919,0.5212083781391925,-0.446530931643788
182,2.1081915751217655,0.434120497509145,-1.6740710776126204,0.434120497509145,-1.263300105848598
486,2.105402450746883,0.8698056596779449,-1.235596791068938,0.606795265257704,-0.49581581349846277
512,2.0988478630919065,1.587396572168919,-0.5114512909229876,0.4819821753878828,-0.20696824976995942
120,2.090189042143702,1.4246779823036333,-0.6655110598400691,1.029293278045297,-0.40293268576792723
79,2.083378565205344,1.2587945230413604,-0.8245840421639837,0.31755991605385797,-0.289425352641309
545,2.050985876600758,0.8801363996395002,-1.170849476961258,0.3541464897416511,-0.2515715078821723
593,2.046467841300702,1.3867213517916774,-0.6597464895090241,0.4855666831925595,-0.3947406455538906
447,2.0463266773037407,1.5202963131129903,-0.5260303641907509,0.6541886408335378,-0.26301518209537544
505,2.0377355348903707,0.6670650836463972,-1.370670451243974,0.6670650836463972,-0.6677557146653832
493,2.0149850172792774,1.0054402742116557,-1.0095447430676217,0.48543124741474536,-0.4548457898417436
225,2.0118070411168993,0.15574006081717592,-1.856066980299724,0.12017119930685435,-0.727825707248096
439,2.008455944107727,0.7917071875728955,-1.2167487565348312,0.20775087830075237,-0.3570894593102533
181,2.0028279599852286,1.2005979349710185,-0.8022300250142103,0.7032474269202953,-0.27656171306036487
47,1.9831100280512985,1.1325333389184797,-0.850576689132819,0.5330091243146359,-0.35392891334475546
239,1.9712057787261066,0.26818579204045295,-1.7030199866856535,0.1208745320450963,-1.2539589095439556
446,1.9636256723477157,1.4814783324792273,-0.4821473398684884,0.5171787045701064,-0.2626077429967211
443,1.9615074221083055,0.5067646669784106,-1.4547427551298948,0.4765973513245138,-0.3837372754006938
163,1.9583404478897761,1.695501680760315,-0.2628387671294609,0.4260071927170505,-0.2628387671294609
353,1.9477795487200484,1.2474210351900055,-0.7003585135300431,0.3960521988229789,-0.25348537179372965
468,1.9377621528541797,1.4128357192371328,-0.5249264336170467,0.7310748121423284,-0.26246321680852336
513,1.9365789898205863,0.3432740143654882,-1.593304975455098,0.18931467390013101,-0.5047291207754905
566,1.924267500962181,0.5904102979836781,-1.333857202978503,0.46019853123846005,-0.3045975553194821
286,1.9055024125074158,1.434919804964075,-0.4705826075433412,0.48578164933155193,-0.33074375808576434
104,1.8958489416992153,1.5699995844789532,-0.3258493572202622,0.975963748483616,-0.1629246786101311
631,1.8820181343262152,0.710802033020365,-1.1712161013058504,0.4853961155318531,-0.7267288219878076
251,1.8803083817498185,0.8689075392506611,-1.0114008424991576,0.6485291997899489,-0.4853952283906844
499,1.8682970084931838,1.0465908471530665,-0.8217061613401175,0.6780885471629192,-0.5565194295105873
134,1.8624078321441198,1.7931514102543247,-0.06925642188979497,0.5910614609282483,-0.06925642188979497
528,1.8568054133321177,0.7466497317977139,-1.110155681534404,0.3530513414077421,-0.8441705483128955
280,1.8520475854348284,1.4942091211581763,-0.3578384642766522,0.31135729041729243,-0.08945961606916306
466,1.8511780281598538,1.1866225964923345,-0.6645554316675193,0.43326041638714136,-0.26285241390833985
191,1.8398969424886455,0.6753200657289304,-1.164576876759715,0.4176072923456495,-0.647891344574338
218,1.838113272199411,0.8053825952566097,-1.0327306769428013,0.3445824555327857,-0.26304986163887484
556,1.831507566512923,0.12586738017508206,-1.7056401863378412,0.11078602361968824,-0.6858254614363255
517,1.8260436047821198,1.330124657483347,-0.49591894729877284,0.5076607246021955,-0.3641670586146293
58,1.8250786670897834,1.585941639446458,-0.23913702764332528,0.7257920698883071,-0.16273540995233973
337,1.818349405288826,0.649948005332431,-1.168401399956395,0.2628595965449177,-0.4267015592640819
96,1.8034936360428635,0.7686459152833439,-1.0348477207595197,0.5151968237610052,-0.7680083986025041
442,1.7956704783744772,0.7821114113499528,-1.0135590670245245,0.3640615997518199,-0.46209264716037746
416,1.7919981392369686,1.3108325220944281,-0.48116561714254064,0.6847633534310265,-0.26274587358234014
50,1.7876492680518994,1.0635924783291153,-0.7240567897227843,0.6684978136501587,-0.48458745344509274
370,1.774302890449823,0.6085085516963953,-1.1657943387534278,0.2629215525940126,-0.4031878018639252
307,1.767002830995408,0.9872216207949408,-0.7797812102004671,0.7221905086326545,-0.24594980081547307
235,1.7666185123919558,0.9301980044052618,-0.8364205079866941,0.4992780946996592,-0.48545787534984713
482,1.7537359311643688,0.8493273262058206,-0.904408604958548,0.4853802291028243,-0.3488725926185549
136,1.7524052035886655,0.7176002435295519,-1.0348049600591138,0.7175743052189408,-0.6085080196437691
94,1.7459519380055488,0.9398733827717642,-0.8060785552337846,0.24383300331365626,-0.26304847166714523
455,1.7301492638476295,1.2455769097754559,-0.4845723540721735,0.6540911241704008,-0.4845723540721735
176,1.7257898532781661,0.713845376290555,-1.011944476987611,0.5732167741839043,-0.4854532294143467
38,1.722359588438621,1.5033542656244847,-0.21900532281413626,0.40527941981835974,-0.21900532281413626
279,1.721141977291232,0.893758868934299,-0.8273831083569326,0.6781464059017123,-0.25477906046074855
622,1.7168721072048503,0.0,-1.7168721072048503,0.0,-0.46299117176805094
288,1.6989420058841884,1.3402412170476663,-0.3587007888365219,0.807851743264365,-0.08967519720913047
285,1.6955619440911525,0.48990980175265175,-1.2056521423385007,0.30438732621454334,-0.5375888452022441
382,1.6942199342047553,1.4317114264199295,-0.26250850778482593,1.1968353614146687,-0.26250850778482593
32,1.6766450292955979,0.11662711037922582,-1.560017918916372,0.09932696309065976,-1.0341104393733442
130,1.6764784340200276,0.5711248347517148,-1.105353599268313,0.19308363390358863,-0.5799089520836269
272,1.6751936151122615,1.1826225837593975,-0.49257103135286384,0.34743418254616687,-0.40273107120308144
294,1.6746629012627254,0.4803553066849441,-1.1943075945777815,0.274528776367487,-0.8788177443632978
83,1.6743046762548808,0.39522681700658746,-1.2790778592482932,0.19761340850329373,-1.0115094405224894
678,1.671943899050009,0.8026384726477815,-0.8693054264022279,0.8020195558075831,-0.4742211377359391
498,1.6614533195822925,1.0100137846714266,-0.651439534910866,0.43312002309885966,-0.2539532623416728
320,1.6540584887774898,0.6215324396975803,-1.0325260490799093,0.2648681372581672,-0.24708778352484703
369,1.638079323192818,0.5745398978811991,-1.0635394253116188,0.17285888323083876,-0.4414878851213355
586,1.635619111066017,0.9396837661084317,-0.6959353449575854,0.5451296107087757,-0.5629930505537237
260,1.634072332578238,0.8745600894706521,-0.7595122431075854,0.678154549448702,-0.33105620805891645
62,1.6330081396523402,0.7055265897421965,-0.9274815499101438,0.28045862178063374,-0.3009017938213707
177,1.6228040056771473,0.14272818672804838,-1.480075818949099,0.14272818672804838,-0.485600355597809
158,1.622615563420494,0.6815552636289485,-0.9410602997915456,0.681187174389862,-0.6780488995351948
329,1.6133452707457934,0.8453784937198966,-0.7679667770258969,0.8442618196039887,-0.5646263675234668
361,1.6129439563486985,0.964301230266969,-0.6486427260817297,0.26317251109304324,-0.40205081719354524
179,1.6087095615204556,0.1202059340286251,-1.4885036274918304,0.1202059340286251,-0.48557937524832434
292,1.5932640678684094,0.4930233580392003,-1.100240709829209,0.2628181500919287,-0.5855980354850389
469,1.583723375430565,0.19305758100325107,-1.390665794427314,0.19305758100325107,-0.8569906128853436
559,1.579746481246185,0.47713899017867795,-1.1026074910675072,0.2630259586442179,-0.4704934168279815
368,1.5770557314796803,0.26262775554505674,-1.3144279759346233,0.26262775554505674,-0.5305960599169159
100,1.575623922468735,0.8272035764362262,-0.7484203460325092,0.44162315919003886,-0.48540638368447847
109,1.5752446422345763,1.3653463047706704,-0.2098983374639057,0.6048377713546169,-0.16286695776034496
598,1.5752409320646656,0.5253837496817595,-1.049857182382906,0.5250268085015757,-0.3355654793233906
365,1.5590562728229846,1.4710979771728376,-0.08795829565014716,0.6056824192706918,-0.08795829565014716
440,1.5561369360224107,0.7324049797615164,-0.8237319562608942,0.3658633032406236,-0.4705453063224127
333,1.550310767251308,1.2863494028313087,-0.26396136441999885,0.3958279298035142,-0.17436246705327138
478,1.549246630786806,0.8327400968228748,-0.7165065339639309,0.39084385765184537,-0.4847707468477022
124,1.5482548451219347,1.0373745423597691,-0.5108803027621658,0.5612184291020775,-0.26285931818523683
549,1.5432250750432712,0.6563167941033928,-0.8869082809398785,0.3931105864745087,-0.3666956625003189
326,1.5415263170257427,0.28266691695124274,-1.2588594000745,0.23318436792459474,-0.4719604050560417
536,1.5406801238364394,1.5406801238364394,0.0,0.6159553486205331,0.0
366,1.5400365545589223,1.2742706855096781,-0.2657658690492441,0.5027030506261481,-0.0885886230164147
452,1.535334210591171,0.9812256220777175,-0.5541085885134533,0.5298062814005077,-0.29122983886374976
384,1.5310100418717092,0.9258839543455012,-0.6051260875262077,0.2947896690974501,-0.34229409523713944
197,1.5242014917840032,0.8558997597660204,-0.6683017320179828,0.6591375220924026,-0.26289831536192
217,1.5153456873594655,0.9499187512847423,-0.565426936074723,0.4312911400663248,-0.30240518071847206
107,1.5143953734158424,0.5396467942615415,-0.9747485791543011,0.2805364396949955,-0.48553133304076734
587,1.5083079645564512,0.1105494405917812,-1.3977585239646702,0.1105494405917812,-0.4705260962969344
138,1.507547025761303,1.2779149712288749,-0.2296320545324283,0.4481230908124706,-0.12985111255791318
423,1.498819256477432,0.7501798826827409,-0.7486393737946909,0.36366616426740433,-0.48543796096965786
438,1.4962720591457552,1.351555508539401,-0.1447165506063539,0.3663781138173644,-0.07675895288985607
220,1.4907526302743859,0.9811218247216286,-0.5096308055527576,0.43129407578211243,-0.26298535917280685
434,1.4710532696745522,1.4710532696745522,0.0,0.5181179435992673,0.0
371,1.4525124306556056,0.751898022281098,-0.7006144083745077,0.3995505028611896,-0.2552269401476232
480,1.4515063189221098,0.38622102705361633,-1.0652852918684934,0.19311051352680816,-0.4849613915858295
98,1.4472688622350642,0.2491832334705039,-1.1980856287645603,0.14966359877260038,-0.3859071924723384
277,1.4423402174053732,0.6592618377018821,-0.7830783797034909,0.3103971291952097,-0.20885941259800503
327,1.4360317440772135,0.8589026508816382,-0.5771290931955754,0.5933786489483008,-0.4025176977942453
390,1.4328964234439416,0.5578725178975246,-0.8750239055464166,0.36434354829712007,-0.41284685676756383
342,1.4155576971701929,0.8037165659088588,-0.6118411312613343,0.2766624187779879,-0.17456492357553713
414,1.4018284635532041,0.7403643998746348,-0.6614640636785694,0.25309336765652984,-0.31435054906263993
202,1.3812944425621099,1.349819252661441,-0.03147518990066895,0.6400157235869313,-0.03147518990066895
53,1.3778602494193395,0.8977904838041146,-0.4800697656152249,0.3632981176138562,-0.4800697656152249
54,1.3722066053198814,0.4162389967656687,-0.9559676085542129,0.16673407702886894,-0.4855629367895438
574,1.354804422557406,0.9887704432546527,-0.36603397930275344,0.7222586437565719,-0.3025253803583279
116,1.3401344937932032,0.43941876158431253,-0.9007157322088908,0.24010941035955521,-0.8465987709476495
377,1.3308554259858192,0.7840059978379811,-0.5468494281478382,0.36397637856877896,-0.44231371193470786
55,1.3238347568580635,0.5911107039060933,-0.7327240529519701,0.5902143446274738,-0.26297038017103547
596,1.319555608908111,0.39258036922161144,-0.9269752396865001,0.26242201937833026,-0.36578549557589574
180,1.3187855844229395,0.11238272278171525,-1.2064028616412243,0.11238272278171525,-0.6781975798271376
494,1.3106699698959754,0.4853606981422642,-0.8253092717537112,0.4853606981422642,-0.3042607187617028
379,1.2997085344918486,0.8449966963811302,-0.454711838110718,0.6461937262479147,-0.2627856999940256
119,1.293599419490411,1.1632133726055116,-0.13038604688489938,0.3054808936912513,-0.13038604688489938
511,1.292522925254401,0.645464688213979,-0.6470582370404225,0.38243877191550724,-0.25217127795510635
156,1.2871963342809465,1.0242472530915177,-0.26294908118942906,0.4868719426793579,-0.26294908118942906
91,1.2832419315800512,0.1394735004824763,-1.1437684310975749,0.11555099899734894,-0.43325925557067624
483,1.28223407980011,0.6628000509673497,-0.6194340288327603,0.26304020521712795,-0.34878257862049145
59,1.2818173020895511,1.2818173020895511,0.0,0.9741950266454036,0.0
264,1.2817810496966695,0.26271355346425207,-1.0190674962324173,0.26271355346425207,-0.3997956362826555
380,1.2805689361950758,0.6494226722960684,-0.6311462638990075,0.3688537361009925,-0.6311462638990075
258,1.2779006452543806,0.8119779590439987,-0.46592268621038135,0.8069483875082475,-0.20157773127013726
44,1.276559596130015,0.3851696567016153,-0.8913899394284,0.2804553810739987,-0.5784865034230874
93,1.2737782017814931,0.405982302472452,-0.8677958993090412,0.3673801748027618,-0.26312562663031824
112,1.270939541789465,0.5624379031145523,-0.7085016386749122,0.3637451542078093,-0.4854693401297294
161,1.2702617730999395,0.4896526190606065,-0.7806091540393332,0.33450090005580807,-0.4854593893494164
39,1.2685198501062438,0.32439000302613996,-0.9441298470801043,0.19276899876883608,-0.6782608761209921
579,1.244843296996845,0.48533259600159606,-0.7595107009952491,0.48533259600159606,-0.4022773709811952
121,1.2370748463997279,0.750241768538273,-0.486833077861455,0.3633913450035305,-0.26298498896323796
502,1.2368786595563093,0.39737242257302396,-0.8395062369832853,0.2629553595284143,-0.36639990390101385
300,1.231014111142333,0.17277841761974666,-1.0582356935225863,0.17277841761974666,-0.25488952735482195
334,1.2279067942633903,0.6608554759881131,-0.5670513182752775,0.39729799090411866,-0.19961798586468585
387,1.2256756169152139,0.9629674581067734,-0.2627081588084408,0.3959319948457651,-0.2627081588084408
89,1.2176353544090823,0.3801057057359802,-0.8375296486731018,0.28051006274573054,-0.3975618423669072
86,1.2138735566968812,0.6572128057830685,-0.5566607509138126,0.3632666503806203,-0.26295203258576494
205,1.2082126453839643,0.5163511036452028,-0.6918615417387618,0.3947358835490209,-0.2630513207338314
317a,1.207403178288204,0.09522762247887853,-1.1121755558093256,0.08767265151733976,-0.33738439344503907
454,1.184698478506149,0.6587279749847587,-0.5259705035213902,0.3638451443614155,-0.2629852517606951
541,1.1832917504928355,0.9203090309988853,-0.26298271949395025,0.6782223441069657,-0.13149135974697512
137,1.182626990866801,0.9197315174032812,-0.26289547346352,0.2857247175573501,-0.26289547346352
572,1.1721639192409647,0.7010488201256119,-0.47111509911535265,0.43310735927991656,-0.13243573510964876
126,1.1604440232807982,0.5432471158673234,-0.6171969074134748,0.19868190014289588,-0.44580077580675426
71,1.1555954526123757,0.7621735031799761,-0.3934219494323995,0.280750525809959,-0.26295609266551523
174,1.1523428852624589,0.12016581984489133,-1.0321770654175675,0.12016581984489133,-0.7735099290029872
67,1.1396584118045765,0.1990650024886566,-0.9405934093159203,0.0995325012443283,-0.5264466287173346
125,1.1376618866987305,0.8371121314188237,-0.3005497552799071,0.44208454337646924,-0.3005497552799071
313,1.1370056610932133,0.43657066467448835,-0.7004349964187253,0.2629525618260841,-0.17354008745180993
159,1.114052137179524,0.2760668341039961,-0.8379853030755279,0.12027350866936162,-0.4335714243138121
68,1.109411609832371,0.05340990933983838,-1.0560017004925326,0.05340990933983838,-0.26324907678698045
175,1.1091505720561798,0.6064157081808367,-0.5027348638753434,0.6061806805788696,-0.48541213794511884
223,1.1089048152476633,0.5828940659211057,-0.5260107493265577,0.2592797260746642,-0.26300537466327883
237,1.1022627852158544,0.2315604150811508,-0.8707023701347035,0.2315604150811508,-0.3432936221331324
521,1.0971781822877344,0.27198684737449874,-0.8251913349132359,0.2629227262443308,-0.25397028470362587
45,1.0943777654823923,0.8903961562188427,-0.20398160926354963,0.3642268935368683,-0.20398160926354963
487,1.09301757765857,0.6082485353177893,-0.48476904234078033,0.3452244513604797,-0.353840780088756
322,1.0865155595180949,0.659014390123134,-0.4275011693949608,0.30209764355269875,-0.17000507885902952
172,1.0705371256765177,0.5231907986838042,-0.5473463269927137,0.334529506257405,-0.3650964745892531
495,1.0697030787785344,0.0,-1.0697030787785344,0.0,-0.402636325753641
526,1.0679554179984496,0.5015940130891237,-0.5663614049093261,0.4996906490224916,-0.5663614049093261
291,1.0655972895746535,0.6255679262372847,-0.4400293633373688,0.48551658847321544,-0.17295410796484295
437,1.0644586112019114,0.5386855029359844,-0.525773108265927,0.4296860741274549,-0.2628865541329635
571,1.0641682729468782,0.0,-1.0641682729468782,0.0,-0.6566889221567971
544,1.0591555753562911,0.3664505649740601,-0.6927050103822309,0.3544356713557707,-0.5607676654146705
338,1.0568621543381895,0.6118636507192077,-0.4449985036189816,0.3471222684337845,-0.17488993190666358
324,1.055344404643658,1.055344404643658,0.0,0.588386743937281,0.0
297,1.0534884539427367,0.08776106351900784,-0.9657273904237289,0.08776106351900784,-0.23967340645956997
122,1.049154004500359,0.5796699669407979,-0.46948403755956103,0.28320051887503994,-0.3408433901043837
501,1.0434955095792033,0.5724953277930448,-0.47100018178615854,0.570715948697076,-0.17219821596464513
296,1.0381420582721212,0.0,-1.0381420582721212,0.0,-0.33133582077671797
532,1.024467949245789,0.0,-1.024467949245789,0.0,-0.5647025961986544
315,1.0051096231649312,0.5807902677493882,-0.42431935541554244,0.2633481500061924,-0.2532913362751929
470,1.0011380292330099,0.6236482105545569,-0.37748981867845344,0.23585242079568564,-0.2629575480695125
284,0.9965965486857066,0.013822495419852391,-0.9827740532658541,0.013822495419852391,-0.40299348434027454
582,0.9756529475022797,0.7428062684819293,-0.23284667902035033,0.6092852202167549,-0.131760362511114
276,0.9694741414959896,0.26315616518197477,-0.7063179763140148,0.17361235943500664,-0.17349060008682565
546,0.9641433732311852,0.5712121171283921,-0.3929312561027931,0.48547247724263376,-0.1309770853675977
451,0.9512053189361708,0.9512053189361708,0.0,0.4618577569733582,0.0
435,0.9466742752742279,0.6838324233646378,-0.26284185190959003,0.1934437130729603,-0.26284185190959003
129,0.9435002874080292,0.38711538437182835,-0.5563849030362007,0.19355769218591418,-0.2630730786957334
562,0.943296053783257,0.0,-0.943296053783257,0.0,-0.36656307906858804
506,0.9431118198697022,0.42810911628340853,-0.5150027035862935,0.26302637572906656,-0.2519523446359815
309,0.8973329178248709,0.5478571370752873,-0.3494757807495837,0.28263566916670385,-0.17473789037479184
298,0.8939439142637925,0.17270370461808457,-0.721240209645708,0.17270370461808457,-0.23952483835881505
128,0.8917212639651122,0.381460013334915,-0.5102612506301972,0.28143948816722597,-0.2630638751653783
449,0.8868713286091096,0.2053661996644921,-0.6815051289446175,0.19072059592581214,-0.4158027292739383
131,0.8596614993109324,0.39732459969668477,-0.4623368996142475,0.2835962356656551,-0.2631175131975861
331,0.8498694146877943,0.5853852314663975,-0.2644841832213967,0.27039966823646194,-0.17459567026351505
376,0.8485989623885708,0.32190517086522275,-0.526693791523348,0.32190517086522275,-0.2630691269368918
427,0.8472768861801949,0.6746949437408488,-0.17258194243934608,0.3769060674375481,-0.09442917075840333
359,0.8312474069907069,0.18534357515901123,-0.6459038318316956,0.17360845706281428,-0.25290969971848837
345,0.8268162047161203,0.3512541342364742,-0.475562070479646,0.26299715729271783,-0.21021185803466177
543,0.8133701626440579,0.3372151874146787,-0.4761549752293793,0.13696490321364213,-0.3491908767285291
550,0.7987981541028647,0.6659941325381038,-0.13280402156476084,0.3526228056054808,-0.13280402156476084
580,0.7984055701274613,0.5331156370262901,-0.2652899331011713,0.341722375236356,-0.13264496655058566
538,0.7953073688573389,0.26285685316138024,-0.5324505156959587,0.26285685316138024,-0.5294321202649293
247,0.784948855463728,0.45499802719084653,-0.3299508282728817,0.33450318965716724,-0.179027190759807
43,0.784775302452312,0.7158094716817353,-0.06896583077057676,0.4271377261058058,-0.06896583077057676
539,0.7845072280529629,0.2629380938046006,-0.5215691342483623,0.2629380938046006,-0.44655003718527025
367,0.7660880023253513,0.5879217308432116,-0.17816627148213976,0.2631834914096514,-0.08908313574106988
201,0.7615648454497141,0.2757905638692257,-0.4857742815804886,0.12031939489475128,-0.48544854307088225
584,0.7604498461474604,0.23118015895009364,-0.5292696871973667,0.23118015895009364,-0.3950754957704036
303,0.7600217796870524,0.2629519775688062,-0.4970698021182462,0.2629519775688062,-0.17511728009176675
458,0.7475990290350226,0.0,-0.7475990290350226,0.0,-0.5239736490854339
256,0.7450497462978423,0.20660267048987419,-0.538447075807968,0.15310754090841544,-0.26307490064819744
576,0.7411185381250147,0.7411185381250147,0.0,0.3537882888726259,0.0
531,0.7236231746567124,0.0,-0.7236231746567124,0.0,-0.3874670370361686
489,0.7080356397506867,0.3721931841074608,-0.3358424556432262,0.37158893098698,-0.3206878272002859
547,0.7030373569706495,0.0,-0.7030373569706495,0.0,-0.5676763602141219
35,0.6989048745649499,0.6989048745649499,0.0,0.397438653427257,0.0
157,0.6893124394238757,0.12035510983942864,-0.568957329584447,0.12035510983942864,-0.4171616563499337
381,0.6858299456062226,0.2855163603688248,-0.40031358523739796,0.2855163603688248,-0.26306729718341126
472,0.6852712217461232,0.0,-0.6852712217461232,0.0,-0.41819861722553175
259,0.675741114045938,0.49622096425761536,-0.1795201497883229,0.2631632359070395,-0.08976007489416145
127,0.6497400135839483,0.3867299930880874,-0.263010020495861,0.19316991384058257,-0.263010020495861
74,0.6386405107626401,0.29826928072871833,-0.34037123003392156,0.1985053334835344,-0.25065016997347817
385,0.6276662586543303,0.364668243235298,-0.262998015419032,0.36404960618434873,-0.262998015419032
503,0.6103331751548831,0.08166178838049097,-0.5286713867743921,0.08166178838049097,-0.1320570182612363
301,0.6099678598054166,0.26685224624153014,-0.34311561356388653,0.26685224624153014,-0.08926529860957066
597,0.6080768188466796,0.3428388471660314,-0.2652379716806485,0.23133242737564988,-0.13261898584032425
349,0.6023855380748209,0.08822813458764482,-0.5141574034871761,0.08822813458764482,-0.25473641925988155
537,0.577155906894347,0.2629730063379033,-0.31418290055644377,0.2629730063379033,-0.31313910912630766
391,0.5713149346210395,0.3876062346656498,-0.18370869995538977,0.19329781525855577,-0.18370869995538977
378,0.5515416902969176,0.19305185894452673,-0.3584898313523909,0.19305185894452673,-0.263090794845993
40,0.5332188038320658,0.01790191328551339,-0.5153168905465524,0.01790191328551339,-0.263140536031975
606,0.5276159633309163,0.0,-0.5276159633309163,0.0,-0.1757596258698395
555,0.5275057137333663,0.5275057137333663,0.0,0.2631100322583084,0.0
261,0.523929570114414,0.0,-0.523929570114414,0.0,-0.25520955175885274
523,0.5172604345690845,0.26306699563530056,-0.2541934389337839,0.2630362163783221,-0.2541934389337839
314,0.516388371316593,0.0,-0.516388371316593,0.0,-0.16790788928280967
527,0.5146425679237421,0.0,-0.5146425679237421,0.0,-0.38128208682865766
578,0.5046006799315073,0.13018841009401566,-0.37441226983749154,0.13018841009401566,-0.1368725509577416
418,0.48084096371755,0.48084096371755,0.0,0.19341287410560593,0.0
522,0.4725412427837469,0.26315168216978363,-0.2093895606139633,0.26304130444179324,-0.13160012693568568
299,0.471374287947213,0.04903547108793829,-0.42233881685927466,0.04903547108793829,-0.32945433296848703
473,0.45732055734801624,0.1934341703717881,-0.2638863869762281,0.1934341703717881,-0.26308173811948443
540,0.43781474268962883,0.2062085271237778,-0.23160621556585104,0.1949298627678726,-0.13147071679185895
529,0.4367113170618318,0.0,-0.4367113170618318,0.0,-0.30275098554193874
456,0.426475322183598,0.35681303966059696,-0.06966228252300104,0.3549619520204341,-0.06966228252300104
445,0.4235126859947122,0.4235126859947122,0.0,0.19354086104064108,0.0
421,0.420553892844873,0.0,-0.420553892844873,0.0,-0.3465208115732376
42,0.41370301117673547,0.2474485230268241,-0.16625448814991137,0.1940601718443796,-0.16625448814991137
542,0.40826298881859513,0.2806044887722102,-0.12765850004638493,0.2793318988853005,-0.12765850004638493
262,0.3940295034832467,0.17289108634475245,-0.2211384171384943,0.17289108634475245,-0.09014331948904122
592,0.37278960243870973,0.37278960243870973,0.0,0.2316502563368316,0.0
533,0.32180462756129335,0.19235294851538087,-0.12945167904591248,0.19163257677272394,-0.12945167904591248
530,0.3050999560229198,0.13034067171044278,-0.174759284312477,0.13034067171044278,-0.17465426359265673
52,0.2892937236178254,0.09966519325168043,-0.18962853036614494,0.09966519325168043,-0.18915366957287166
457,0.28541025561854644,0.19926224125919278,-0.0861480143593536,0.19864675440146853,-0.0729074066618879
36,0.2291635287490118,0.10036626298731266,-0.12879726576169914,0.10036626298731266,-0.12869397256484055
317,0.1696675591597735,0.0,-0.1696675591597735,0.0,-0.09018742260752949
41,0.1171611045216143,0.0,-0.1171611045216143,0.0,-0.11673423756828807
419,0.07562404668299276,0.07562404668299276,0.0,0.07516515925285942,0.0
37,0.059251838580420726,0.059251838580420726,0.0,0.059039282438075234,0.0
420,0.002282120270736294,0.002282120270736294,0.0,0.00012011159319664702,0.0
